node,new_parent,asn,experiment_id,previous_rank,new_rank,time
m3-347,m3-358,0x00000006b5,51,65535,834,2018-05-23 11:22:36.896706
m3-346,m3-358,0x0000000b14,51,65535,834,2018-05-23 11:22:53.670289
m3-330,m3-346,0x0000000b2d,51,65535,1412,2018-05-23 11:22:54.036324
m3-334,m3-330,0x0000000cbb,51,65535,1990,2018-05-23 11:23:00.002645
m3-338,m3-346,0x0000000d06,51,65535,1412,2018-05-23 11:23:01.129476
m3-351,m3-346,0x0000000d06,51,65535,1412,2018-05-23 11:23:01.140306
m3-329,m3-338,0x0000000fbe,51,65535,4740,2018-05-23 11:23:11.549021
m3-355,m3-351,0x0000000ff0,51,65535,1990,2018-05-23 11:23:12.306297
m3-318,m3-329,0x00000011b0,51,65535,5318,2018-05-23 11:23:19.050497
m3-322,m3-329,0x00000011b0,51,65535,5318,2018-05-23 11:23:19.05282
m3-342,m3-346,0x00000011b0,51,65535,1412,2018-05-23 11:23:19.058737
m3-339,m3-334,0x00000013a1,51,65535,2568,2018-05-23 11:23:26.455983
m3-321,m3-330,0x00000014cc,51,65535,1990,2018-05-23 11:23:30.933741
m3-305,m3-318,0x00000016bd,51,65535,5896,2018-05-23 11:23:38.403655
m3-325,m3-330,0x00000016d6,51,65535,4740,2018-05-23 11:23:38.764877
m3-354,m3-346,0x0000001819,51,65535,1141,2018-05-23 11:23:43.61548
m3-350,m3-346,0x0000001819,51,65535,1141,2018-05-23 11:23:43.616732
m3-302,m3-305,0x000000184b,51,65535,6474,2018-05-23 11:23:44.352627
m3-326,m3-330,0x0000001aeb,51,65535,2128,2018-05-23 11:23:54.429443
m3-309,m3-330,0x0000001aeb,51,65535,2128,2018-05-23 11:23:54.435572
m3-313,m3-325,0x0000001c15,51,65535,5318,2018-05-23 11:23:58.880586
m3-306,m3-305,0x0000001dbc,51,65535,6474,2018-05-23 11:24:05.231634
m3-310,m3-302,0x0000001e39,51,65535,7052,2018-05-23 11:24:07.111645
m3-343,m3-350,0x00000020bf,51,65535,4469,2018-05-23 11:24:16.797521
m3-318,m3-334,0x000000235f,51,5044,2568,2018-05-23 11:24:26.924195
m3-305,m3-309,0x0000002378,51,5853,2706,2018-05-23 11:24:27.296003
m3-301,m3-302,0x0000002582,51,65535,7052,2018-05-23 11:24:35.063341
m3-299,m3-306,0x00000028d0,51,65535,7052,2018-05-23 11:24:47.712665
m3-335,m3-339,0x0000002ccc,51,65535,5896,2018-05-23 11:25:02.99401
m3-314,m3-301,0x0000002f08,51,65535,7630,2018-05-23 11:25:11.583181
m3-317,m3-313,0x0000002f53,51,65535,5896,2018-05-23 11:25:12.729676
m3-334,m3-347,0x00000031da,51,1846,1208,2018-05-23 11:25:22.528082
m3-313,m3-309,0x00000034dd,51,5188,2706,2018-05-23 11:25:34.011012
m3-298,m3-306,0x00000034f5,51,65535,9802,2018-05-23 11:25:34.307708
m3-302,m3-309,0x00000040e9,51,3100,2296,2018-05-23 11:26:20.244845
m3-306,m3-309,0x000000417f,51,3024,2296,2018-05-23 11:26:22.469225
m3-318,m3-321,0x000000438a,51,7224,2040,2018-05-23 11:26:30.320494
m3-310,m3-309,0x0000004610,51,3218,2314,2018-05-23 11:26:40.107611
m3-334,m3-330,0x0000004a55,51,65535,1187,2018-05-23 11:26:56.45826
m3-335,m3-338,0x0000004b68,51,2296,1455,2018-05-23 11:27:00.481355
m3-339,m3-338,0x0000004e6c,51,4536,1509,2018-05-23 11:27:11.992128
m3-334,m3-338,0x00000051fc,51,65535,1509,2018-05-23 11:27:25.709636
m3-334,m3-342,0x00000051fd,51,65535,1990,2018-05-23 11:27:25.794984
m3-334,m3-358,0x00000051fd,51,65535,3584,2018-05-23 11:27:25.913924
m3-334,m3-325,0x00000051fd,51,65535,4662,2018-05-23 11:27:26.035103
m3-334,m3-326,0x00000051fd,51,65535,5456,2018-05-23 11:27:26.135594
m3-334,m3-335,0x0000005315,51,65535,4783,2018-05-23 11:27:29.911154
m3-325,m3-326,0x0000005619,51,4589,1912,2018-05-23 11:27:41.421513
m3-330,m3-338,0x0000005ba3,51,1920,1346,2018-05-23 11:28:02.750423
m3-314,m3-318,0x0000006f8e,51,3795,2618,2018-05-23 11:29:19.140958
m3-338,m3-347,0x0000009d39,51,3392,1090,2018-05-23 11:32:14.824221
m3-338,m3-346,0x000000b86e,51,1632,1090,2018-05-23 11:33:58.764005
m3-330,m3-329,0x000000e4a4,51,4214,1774,2018-05-23 11:36:48.252726
m3-329,m3-342,0x000001000b,51,3970,1346,2018-05-23 11:38:33.816771
m3-330,m3-338,0x00000109c3,51,2052,1374,2018-05-23 11:39:10.786767
m3-309,m3-322,0x0000010eb7,51,5253,1976,2018-05-23 11:39:29.747134
m3-329,m3-338,0x0000013f7e,51,2000,1346,2018-05-23 11:42:37.0409
m3-317,m3-318,0x0000015dcf,51,2778,2162,2018-05-23 11:44:33.062644
m3-313,m3-318,0x000001603d,51,2748,2162,2018-05-23 11:44:42.383672
m3-346,m3-347,0x00000590f9,51,3584,1208,2018-05-23 12:53:23.141478
m3-347,m3-358,0x00000006b5,52,65535,834,2018-05-22 12:17:54.379242
m3-346,m3-358,0x0000000b14,52,65535,834,2018-05-22 12:18:11.154448
m3-330,m3-346,0x0000000b2d,52,65535,1412,2018-05-22 12:18:11.521728
m3-334,m3-330,0x0000000cbb,52,65535,1990,2018-05-22 12:18:17.485498
m3-351,m3-346,0x0000000d06,52,65535,1412,2018-05-22 12:18:18.619426
m3-338,m3-346,0x0000000d06,52,65535,1412,2018-05-22 12:18:18.62985
m3-325,m3-330,0x0000000fd7,52,65535,1990,2018-05-22 12:18:29.414518
m3-329,m3-330,0x0000000fd7,52,65535,1990,2018-05-22 12:18:29.415891
m3-355,m3-347,0x0000000ff0,52,65535,1412,2018-05-22 12:18:29.798039
m3-310,m3-325,0x0000001102,52,65535,2568,2018-05-22 12:18:33.903688
m3-318,m3-325,0x0000001102,52,65535,2568,2018-05-22 12:18:33.909436
m3-342,m3-329,0x00000011b0,52,65535,2568,2018-05-22 12:18:36.497948
m3-322,m3-329,0x00000011b0,52,65535,5318,2018-05-22 12:18:36.501798
m3-299,m3-318,0x0000001388,52,65535,3146,2018-05-22 12:18:43.582816
m3-339,m3-358,0x00000014e5,52,65535,834,2018-05-22 12:18:48.818103
m3-343,m3-338,0x0000001708,52,65535,1990,2018-05-22 12:18:56.993193
m3-302,m3-299,0x00000017e8,52,65535,3724,2018-05-22 12:19:00.35071
m3-335,m3-329,0x00000022b1,52,65535,2568,2018-05-22 12:19:41.790843
m3-306,m3-310,0x0000002346,52,65535,3146,2018-05-22 12:19:43.987907
m3-313,m3-310,0x0000002346,52,65535,3146,2018-05-22 12:19:44.002517
m3-314,m3-310,0x0000002346,52,65535,3146,2018-05-22 12:19:44.011495
m3-299,m3-310,0x0000002346,52,5128,3146,2018-05-22 12:19:44.079405
m3-321,m3-330,0x0000002506,52,65535,2086,2018-05-22 12:19:50.679716
m3-354,m3-351,0x00000025b4,52,65535,1990,2018-05-22 12:19:53.280088
m3-309,m3-306,0x00000027be,52,65535,3724,2018-05-22 12:20:01.097942
m3-326,m3-313,0x00000027d7,52,65535,3724,2018-05-22 12:20:01.471087
m3-301,m3-306,0x000000297e,52,65535,3724,2018-05-22 12:20:07.823828
m3-350,m3-358,0x0000002c37,52,65535,3584,2018-05-22 12:20:18.283014
m3-298,m3-302,0x0000002d61,52,65535,4302,2018-05-22 12:20:22.724487
m3-305,m3-306,0x0000003144,52,65535,3724,2018-05-22 12:20:37.667941
m3-310,m3-330,0x00000037e1,52,5318,2029,2018-05-22 12:21:03.050482
m3-299,m3-306,0x000000395b,52,65535,6474,2018-05-22 12:21:08.721627
m3-310,m3-321,0x00000039ba,52,65535,2664,2018-05-22 12:21:10.08574
m3-299,m3-310,0x00000040c4,52,65535,3242,2018-05-22 12:21:37.062647
m3-302,m3-310,0x00000041ab,52,65535,3146,2018-05-22 12:21:40.603193
m3-302,m3-318,0x00000041ac,52,65535,2824,2018-05-22 12:21:40.679299
m3-306,m3-321,0x0000004229,52,65535,2664,2018-05-22 12:21:42.515898
m3-306,m3-318,0x000000422a,52,65535,2824,2018-05-22 12:21:42.587456
m3-313,m3-339,0x00000042b7,52,65535,1412,2018-05-22 12:21:44.679324
m3-309,m3-314,0x0000004405,52,6474,3724,2018-05-22 12:21:49.632276
m3-317,m3-310,0x00000045de,52,65535,5992,2018-05-22 12:21:56.664261
m3-342,m3-338,0x00000045df,52,2246,1400,2018-05-22 12:21:56.760881
m3-298,m3-306,0x00000048a5,52,65535,3402,2018-05-22 12:22:07.297709
m3-302,m3-306,0x0000004931,52,65535,3724,2018-05-22 12:22:09.613238
m3-305,m3-310,0x0000004934,52,65535,3242,2018-05-22 12:22:09.617372
m3-302,m3-309,0x0000004931,52,65535,7052,2018-05-22 12:22:09.723638
m3-302,m3-305,0x0000004931,52,65535,7052,2018-05-22 12:22:09.794681
m3-301,m3-310,0x0000004976,52,65535,3242,2018-05-22 12:22:10.567781
m3-302,m3-309,0x0000004a0b,52,65535,4302,2018-05-22 12:22:12.676446
m3-326,m3-335,0x0000004a3c,52,65535,3146,2018-05-22 12:22:13.453777
m3-313,m3-335,0x0000004a5e,52,65535,3146,2018-05-22 12:22:13.936146
m3-313,m3-326,0x0000004a5e,52,65535,7052,2018-05-22 12:22:14.040088
m3-335,m3-339,0x0000004dbd,52,2246,1369,2018-05-22 12:22:26.961949
m3-301,m3-309,0x0000005104,52,65535,7052,2018-05-22 12:22:39.57313
m3-301,m3-305,0x0000005104,52,65535,7052,2018-05-22 12:22:39.656336
m3-301,m3-298,0x000000540d,52,65535,3980,2018-05-22 12:22:51.063188
m3-305,m3-306,0x0000005d17,52,65535,2522,2018-05-22 12:23:25.716141
m3-313,m3-314,0x0000006d1f,52,65535,3176,2018-05-22 12:24:27.230331
m3-330,m3-339,0x000000f813,52,1754,1208,2018-05-22 12:33:20.356465
m3-302,m3-299,0x0000018146,52,3219,2707,2018-05-22 12:42:06.682014
m3-305,m3-310,0x00000325b9,52,2538,2022,2018-05-22 13:08:59.373187
m3-298,m3-305,0x000003c656,52,2695,2165,2018-05-22 13:19:15.468195
m3-321,m3-334,0x000003d4eb,52,2511,1653,2018-05-22 13:20:11.480835
m3-321,m3-330,0x000003ef40,52,2121,1556,2018-05-22 13:21:52.391319
m3-309,m3-310,0x00000484e3,52,2766,2142,2018-05-22 13:31:26.331731
m3-339,m3-347,0x0000055d92,52,1792,1090,2018-05-22 13:45:18.013525
m3-330,m3-338,0x0000056c3f,52,13634,1454,2018-05-22 13:46:14.687668
m3-346,m3-347,0x0000059112,52,12800,1090,2018-05-22 13:48:35.037228
m3-347,m3-346,0x00000592a0,52,2662,1668,2018-05-22 13:48:40.986172
m3-346,m3-358,0x0000000b14,53,65535,834,2018-05-21 20:01:28.926131
m3-351,m3-346,0x0000000d1f,53,65535,1412,2018-05-21 20:01:36.75842
m3-334,m3-346,0x0000000d1f,53,65535,1412,2018-05-21 20:01:36.762618
m3-325,m3-334,0x0000000f74,53,65535,1990,2018-05-21 20:01:45.710717
m3-338,m3-334,0x0000000f74,53,65535,1990,2018-05-21 20:01:45.711094
m3-310,m3-325,0x00000010d0,53,65535,2568,2018-05-21 20:01:50.923154
m3-339,m3-346,0x000000117e,53,65535,1412,2018-05-21 20:01:53.532827
m3-335,m3-351,0x0000001405,53,65535,4740,2018-05-21 20:02:03.224172
m3-350,m3-351,0x0000001405,53,65535,1990,2018-05-21 20:02:03.225514
m3-330,m3-338,0x000000141e,53,65535,5318,2018-05-21 20:02:03.68703
m3-314,m3-338,0x000000141e,53,65535,2568,2018-05-21 20:02:03.693639
m3-342,m3-351,0x0000001593,53,65535,1990,2018-05-21 20:02:09.1924
m3-329,m3-334,0x000000187d,53,65535,1990,2018-05-21 20:02:20.389655
m3-354,m3-358,0x000000192b,53,65535,3584,2018-05-21 20:02:22.977374
m3-313,m3-325,0x000000192b,53,65535,5318,2018-05-21 20:02:22.981437
m3-301,m3-310,0x00000019f2,53,65535,3146,2018-05-21 20:02:25.94651
m3-326,m3-313,0x0000001cab,53,65535,5896,2018-05-21 20:02:36.455891
m3-322,m3-346,0x0000001ee7,53,65535,1130,2018-05-21 20:02:44.989305
m3-347,m3-322,0x0000001f63,53,65535,1708,2018-05-21 20:02:46.819738
m3-317,m3-313,0x0000001fc7,53,65535,8646,2018-05-21 20:02:48.374729
m3-338,m3-346,0x000000208f,53,1668,1130,2018-05-21 20:02:51.466172
m3-309,m3-330,0x00000025ff,53,65535,5896,2018-05-21 20:03:12.172396
m3-318,m3-325,0x000000267b,53,65535,2568,2018-05-21 20:03:14.022292
m3-298,m3-310,0x00000026ad,53,65535,5896,2018-05-21 20:03:14.804691
m3-305,m3-310,0x00000026ad,53,65535,3146,2018-05-21 20:03:14.805657
m3-302,m3-305,0x000000283b,53,65535,3724,2018-05-21 20:03:20.744267
m3-355,m3-354,0x0000002a90,53,65535,4162,2018-05-21 20:03:29.689925
m3-299,m3-302,0x0000002ccc,53,65535,4302,2018-05-21 20:03:38.269718
m3-343,m3-339,0x0000002e5a,53,65535,1990,2018-05-21 20:03:44.239424
m3-314,m3-325,0x0000002fe9,53,2630,1690,2018-05-21 20:03:50.294661
m3-305,m3-314,0x0000003559,53,2942,2268,2018-05-21 20:04:11.138965
m3-347,m3-346,0x00000039bb,53,65535,1141,2018-05-21 20:04:27.875157
m3-310,m3-322,0x00000039ca,53,65535,1708,2018-05-21 20:04:28.168676
m3-310,m3-314,0x00000039ca,53,65535,2268,2018-05-21 20:04:28.239069
m3-306,m3-299,0x0000003ae3,53,65535,4880,2018-05-21 20:04:32.308677
m3-322,m3-325,0x0000003b1e,53,65535,5318,2018-05-21 20:04:33.172488
m3-322,m3-310,0x0000003b1e,53,65535,5896,2018-05-21 20:04:33.22883
m3-322,m3-318,0x0000003b1e,53,65535,5896,2018-05-21 20:04:33.316693
m3-321,m3-330,0x0000003b78,53,65535,2082,2018-05-21 20:04:34.529774
m3-301,m3-314,0x0000004085,53,3701,2268,2018-05-21 20:04:53.979461
m3-326,m3-325,0x000000430d,53,2781,1602,2018-05-21 20:05:03.708382
m3-317,m3-314,0x00000045ad,53,2781,2268,2018-05-21 20:05:13.850206
m3-298,m3-301,0x00000049f2,53,15112,2846,2018-05-21 20:05:30.14969
m3-302,m3-301,0x0000004b04,53,14044,2846,2018-05-21 20:05:34.276182
m3-310,m3-305,0x000000502d,53,65535,2846,2018-05-21 20:05:53.989192
m3-310,m3-299,0x000000502d,53,65535,7630,2018-05-21 20:05:54.066458
m3-310,m3-318,0x0000005298,53,65535,4608,2018-05-21 20:06:03.28113
m3-306,m3-301,0x0000005ef0,53,3369,2846,2018-05-21 20:06:50.704893
m3-301,m3-309,0x0000006270,53,3517,2030,2018-05-21 20:07:04.099185
m3-317,m3-313,0x0000007d73,53,2698,2103,2018-05-21 20:08:47.821101
m3-299,m3-309,0x00000371ff,53,2676,2021,2018-05-21 20:57:09.762333
m3-306,m3-309,0x0000044d03,53,2769,2189,2018-05-21 21:11:09.861367
m3-301,m3-313,0x000004ba6c,53,2674,2144,2018-05-21 21:18:09.434554
m3-302,m3-309,0x000004f7bc,53,2723,2050,2018-05-21 21:22:04.807758
m3-346,m3-354,0x00000590e0,53,8960,1090,2018-05-21 21:31:55.243563
m3-347,m3-358,0x00000006b5,54,65535,834,2018-05-21 21:32:35.074587
m3-346,m3-358,0x0000000b14,54,65535,834,2018-05-21 21:32:51.843985
m3-330,m3-346,0x0000000b2d,54,65535,1412,2018-05-21 21:32:52.215002
m3-334,m3-330,0x0000000cbb,54,65535,1990,2018-05-21 21:32:58.182181
m3-351,m3-346,0x0000000d06,54,65535,1412,2018-05-21 21:32:59.320353
m3-338,m3-346,0x0000000d06,54,65535,1412,2018-05-21 21:32:59.332214
m3-325,m3-330,0x0000000fd7,54,65535,1990,2018-05-21 21:33:10.114343
m3-339,m3-334,0x000000103b,54,65535,2568,2018-05-21 21:33:11.610793
m3-310,m3-325,0x0000001085,54,65535,2568,2018-05-21 21:33:12.712194
m3-350,m3-346,0x00000012c1,54,65535,1412,2018-05-21 21:33:21.281371
m3-335,m3-334,0x00000013ba,54,65535,2568,2018-05-21 21:33:25.013182
m3-329,m3-351,0x00000016bd,54,65535,1990,2018-05-21 21:33:36.564407
m3-321,m3-310,0x0000001708,54,65535,5896,2018-05-21 21:33:37.715243
m3-318,m3-325,0x00000019c0,54,65535,2568,2018-05-21 21:33:48.135782
m3-354,m3-346,0x0000001b35,54,65535,3894,2018-05-21 21:33:53.7312
m3-310,m3-330,0x0000001dbc,54,3343,1990,2018-05-21 21:34:03.497779
m3-355,m3-351,0x0000001e07,54,65535,1990,2018-05-21 21:34:04.549593
m3-322,m3-310,0x0000001e20,54,65535,2568,2018-05-21 21:34:04.917069
m3-298,m3-310,0x0000001e20,54,65535,2568,2018-05-21 21:34:04.925552
m3-299,m3-298,0x0000001ee7,54,65535,3146,2018-05-21 21:34:07.880237
m3-342,m3-338,0x0000001f63,54,65535,4740,2018-05-21 21:34:09.792228
m3-343,m3-342,0x000000213c,54,65535,8068,2018-05-21 21:34:16.826562
m3-302,m3-299,0x000000232d,54,65535,3724,2018-05-21 21:34:24.272048
m3-314,m3-343,0x0000002346,54,65535,8646,2018-05-21 21:34:24.654206
m3-309,m3-299,0x00000024ed,54,65535,3724,2018-05-21 21:34:30.998602
m3-305,m3-310,0x00000025cd,54,65535,2568,2018-05-21 21:34:34.341341
m3-326,m3-322,0x0000002662,54,65535,3146,2018-05-21 21:34:36.576772
m3-301,m3-314,0x000000278d,54,65535,11974,2018-05-21 21:34:41.110254
m3-317,m3-321,0x0000002f53,54,65535,6474,2018-05-21 21:35:10.890423
m3-306,m3-305,0x0000002f53,54,65535,3146,2018-05-21 21:35:10.894239
m3-313,m3-318,0x00000035a3,54,65535,3146,2018-05-21 21:35:35.085043
m3-301,m3-298,0x00000041ee,54,65535,2942,2018-05-21 21:36:22.253951
m3-299,m3-305,0x00000043a1,54,3222,2683,2018-05-21 21:36:28.837521
m3-322,m3-330,0x00000048b0,54,2327,1730,2018-05-21 21:36:48.248306
m3-301,m3-310,0x000000497b,54,65535,2568,2018-05-21 21:36:51.263278
m3-301,m3-306,0x000000497b,54,65535,6474,2018-05-21 21:36:51.336812
m3-314,m3-318,0x00000052cb,54,8836,2370,2018-05-21 21:37:27.044588
m3-301,m3-309,0x00000055e6,54,65535,4302,2018-05-21 21:37:38.84389
m3-309,m3-310,0x0000007914,54,2905,1874,2018-05-21 21:39:53.83254
m3-329,m3-338,0x0000007d73,54,2216,1464,2018-05-21 21:40:10.643859
m3-299,m3-310,0x000000d17f,54,2680,1966,2018-05-21 21:45:33.076418
m3-317,m3-322,0x00000113de,54,2272,1729,2018-05-21 21:49:47.702975
m3-301,m3-310,0x000001494e,54,2601,2022,2018-05-21 21:53:12.677249
m3-334,m3-338,0x000001a394,54,2230,1509,2018-05-21 21:58:58.861867
m3-321,m3-325,0x000001a4be,54,2398,1682,2018-05-21 21:59:03.384049
m3-326,m3-329,0x000001acb6,54,2294,1695,2018-05-21 21:59:33.868628
m3-306,m3-310,0x000002d926,54,2517,1957,2018-05-21 22:18:46.408047
m3-302,m3-310,0x000004734c,54,2513,1896,2018-05-21 22:44:59.61516
m3-330,m3-338,0x000004ca44,54,1877,1346,2018-05-21 22:50:33.793214
m3-346,m3-347,0x00000592b9,54,3304,1208,2018-05-21 23:03:24.713176
m3-347,m3-358,0x00000006b5,55,65535,834,2018-05-23 14:40:04.477613
m3-346,m3-358,0x0000000b14,55,65535,834,2018-05-23 14:40:21.240702
m3-330,m3-346,0x0000000b2d,55,65535,1412,2018-05-23 14:40:21.610014
m3-334,m3-330,0x0000000cbb,55,65535,1990,2018-05-23 14:40:27.571712
m3-338,m3-346,0x0000000d06,55,65535,1412,2018-05-23 14:40:28.705886
m3-351,m3-346,0x0000000d06,55,65535,1412,2018-05-23 14:40:28.7119
m3-339,m3-330,0x0000000fbe,55,65535,1990,2018-05-23 14:40:39.1406
m3-329,m3-330,0x0000000fbe,55,65535,4740,2018-05-23 14:40:39.145136
m3-355,m3-351,0x0000000ff0,55,65535,1990,2018-05-23 14:40:39.88619
m3-318,m3-339,0x0000001102,55,65535,2568,2018-05-23 14:40:43.978031
m3-342,m3-338,0x0000001197,55,65535,4740,2018-05-23 14:40:46.224398
m3-299,m3-318,0x00000012f3,55,65535,3146,2018-05-23 14:40:51.429048
m3-354,m3-358,0x0000001784,55,65535,834,2018-05-23 14:41:08.945138
m3-335,m3-347,0x000000187d,55,65535,1412,2018-05-23 14:41:12.704181
m3-350,m3-351,0x000000187d,55,65535,1990,2018-05-23 14:41:12.716116
m3-325,m3-351,0x0000001b35,55,65535,1990,2018-05-23 14:41:23.108225
m3-313,m3-329,0x0000001e39,55,65535,8068,2018-05-23 14:41:34.692588
m3-318,m3-334,0x00000020a6,55,14534,2568,2018-05-23 14:41:44.058099
m3-343,m3-346,0x000000210a,55,65535,1090,2018-05-23 14:41:45.477458
m3-326,m3-334,0x00000026ad,55,65535,2568,2018-05-23 14:42:07.105217
m3-309,m3-330,0x000000297e,55,65535,4633,2018-05-23 14:42:17.923924
m3-310,m3-330,0x000000297e,55,65535,1883,2018-05-23 14:42:17.939293
m3-314,m3-313,0x0000002bd3,55,65535,8646,2018-05-23 14:42:26.874701
m3-321,m3-334,0x0000002d93,55,65535,2568,2018-05-23 14:42:33.591928
m3-322,m3-334,0x0000002d93,55,65535,2568,2018-05-23 14:42:33.595981
m3-317,m3-322,0x0000002e28,55,65535,5896,2018-05-23 14:42:35.786564
m3-306,m3-309,0x0000002ea4,55,65535,5211,2018-05-23 14:42:37.631992
m3-305,m3-310,0x00000032b9,55,65535,5211,2018-05-23 14:42:53.325687
m3-302,m3-310,0x00000032b9,55,65535,5211,2018-05-23 14:42:53.327011
m3-298,m3-310,0x00000032b9,55,65535,5211,2018-05-23 14:42:53.329213
m3-325,m3-330,0x00000032da,55,65535,1743,2018-05-23 14:42:53.869066
m3-301,m3-318,0x00000034c4,55,65535,3146,2018-05-23 14:43:01.154874
m3-299,m3-310,0x000000396e,55,5128,2461,2018-05-23 14:43:19.147494
m3-325,m3-335,0x0000003a69,55,65535,1990,2018-05-23 14:43:22.880808
m3-325,m3-338,0x0000003a6a,55,65535,4205,2018-05-23 14:43:22.959234
m3-325,m3-318,0x0000003d06,55,65535,2942,2018-05-23 14:43:32.819239
m3-301,m3-313,0x0000005103,55,65535,2421,2018-05-23 14:44:49.662943
m3-317,m3-318,0x00000059ca,55,2824,2011,2018-05-23 14:45:23.254417
m3-301,m3-299,0x0000005b0c,55,65535,3039,2018-05-23 14:45:27.997499
m3-318,m3-335,0x000000f574,55,2184,1538,2018-05-23 14:55:20.405763
m3-322,m3-338,0x00000109c3,55,2260,1450,2018-05-23 14:56:38.243185
m3-326,m3-330,0x0000010d29,55,2398,1883,2018-05-23 14:56:51.24561
m3-322,m3-318,0x0000011d95,55,4200,1860,2018-05-23 14:57:54.170004
m3-322,m3-339,0x0000012ff5,55,65535,2139,2018-05-23 14:59:04.835932
m3-322,m3-346,0x0000012ff5,55,65535,1090,2018-05-23 14:59:04.960362
m3-322,m3-313,0x0000012ff5,55,65535,5711,2018-05-23 14:59:05.10186
m3-322,m3-330,0x00000133a3,55,65535,1602,2018-05-23 14:59:18.786718
m3-313,m3-318,0x000001478f,55,2398,1813,2018-05-23 15:00:35.29513
m3-298,m3-309,0x000003d534,55,2528,1938,2018-05-23 15:42:22.674537
m3-302,m3-309,0x0000046567,55,2725,2102,2018-05-23 15:51:35.664285
m3-305,m3-313,0x0000046758,55,2533,1960,2018-05-23 15:51:43.122366
m3-299,m3-309,0x0000046dc2,55,2587,2023,2018-05-23 15:52:07.742968
m3-299,m3-298,0x00000475d3,55,5014,2412,2018-05-23 15:52:38.626006
m3-318,m3-322,0x0000047921,55,3035,2200,2018-05-23 15:52:51.418429
m3-299,m3-309,0x00000489d7,55,2858,2020,2018-05-23 15:53:55.545786
m3-305,m3-309,0x0000048a9e,55,3062,2020,2018-05-23 15:53:58.451454
m3-318,m3-335,0x00000493da,55,2277,1454,2018-05-23 15:54:34.039913
m3-306,m3-318,0x000004cbea,55,2310,1710,2018-05-23 15:58:08.930794
m3-301,m3-306,0x000004ce3f,55,2566,2050,2018-05-23 15:58:17.855102
m3-346,m3-354,0x0000059112,55,7808,1090,2018-05-23 16:10:45.491735
m3-347,m3-346,0x0000059144,55,1792,1090,2018-05-23 16:10:45.906535
m3-347,m3-358,0x00000006b5,56,65535,834,2018-05-23 19:01:57.383885
m3-346,m3-358,0x0000000b14,56,65535,834,2018-05-23 19:02:14.166002
m3-330,m3-346,0x0000000ede,56,65535,1412,2018-05-23 19:02:28.690123
m3-339,m3-347,0x0000000ff0,56,65535,1412,2018-05-23 19:02:32.793667
m3-314,m3-339,0x0000001197,56,65535,1990,2018-05-23 19:02:39.174357
m3-321,m3-314,0x00000012a8,56,65535,2568,2018-05-23 19:02:43.249392
m3-326,m3-314,0x00000012a8,56,65535,2568,2018-05-23 19:02:43.252501
m3-329,m3-347,0x00000016bd,56,65535,1412,2018-05-23 19:02:58.881911
m3-305,m3-314,0x0000001a3d,56,65535,2568,2018-05-23 19:03:12.312515
m3-318,m3-329,0x0000001b1d,56,65535,4740,2018-05-23 19:03:15.663881
m3-343,m3-329,0x0000001f7c,56,65535,4740,2018-05-23 19:03:32.438636
m3-299,m3-305,0x00000020d8,56,65535,3146,2018-05-23 19:03:37.644599
m3-342,m3-343,0x000000216d,56,65535,5318,2018-05-23 19:03:39.907187
m3-322,m3-339,0x000000219f,56,65535,1722,2018-05-23 19:03:40.620864
m3-314,m3-330,0x0000002391,56,3511,1990,2018-05-23 19:03:48.161084
m3-334,m3-318,0x000000243f,56,65535,5318,2018-05-23 19:03:50.704301
m3-354,m3-358,0x000000251f,56,65535,834,2018-05-23 19:03:54.084462
m3-351,m3-358,0x000000251f,56,65535,834,2018-05-23 19:03:54.090873
m3-329,m3-346,0x0000002538,56,2242,1090,2018-05-23 19:03:54.578709
m3-325,m3-322,0x00000026c6,56,65535,2300,2018-05-23 19:04:00.415491
m3-301,m3-322,0x0000002854,56,65535,2300,2018-05-23 19:04:06.355954
m3-310,m3-314,0x000000294c,56,65535,2568,2018-05-23 19:04:10.086968
m3-309,m3-310,0x0000002a13,56,65535,3146,2018-05-23 19:04:13.048949
m3-350,m3-351,0x0000002c81,56,65535,1412,2018-05-23 19:04:22.396709
m3-355,m3-351,0x0000002c81,56,65535,4162,2018-05-23 19:04:22.405597
m3-335,m3-351,0x000000301a,56,65535,1412,2018-05-23 19:04:36.216854
m3-338,m3-343,0x00000030af,56,65535,2116,2018-05-23 19:04:38.421916
m3-298,m3-305,0x00000032b9,56,65535,3016,2018-05-23 19:04:46.228872
m3-302,m3-299,0x0000003415,56,65535,6474,2018-05-23 19:04:51.436983
m3-317,m3-305,0x0000003763,56,65535,3016,2018-05-23 19:05:04.120545
m3-305,m3-322,0x0000003811,56,2918,2300,2018-05-23 19:05:06.87384
m3-326,m3-330,0x0000003acb,56,2630,1346,2018-05-23 19:05:17.236528
m3-313,m3-326,0x0000004085,56,65535,4674,2018-05-23 19:05:39.223582
m3-343,m3-346,0x000000433f,56,2203,1090,2018-05-23 19:05:49.668979
m3-301,m3-305,0x00000043f8,56,65535,2878,2018-05-23 19:05:52.479853
m3-314,m3-339,0x00000044b8,56,65535,1722,2018-05-23 19:05:55.37968
m3-306,m3-313,0x00000045ac,56,65535,8002,2018-05-23 19:05:58.904828
m3-321,m3-322,0x000000481b,56,5318,1884,2018-05-23 19:06:08.238998
m3-310,m3-322,0x0000004a9e,56,65535,2300,2018-05-23 19:06:17.870324
m3-314,m3-322,0x0000004c5c,56,65535,2300,2018-05-23 19:06:24.604845
m3-314,m3-338,0x0000004c5c,56,65535,5444,2018-05-23 19:06:24.680001
m3-314,m3-299,0x0000004c5c,56,65535,6474,2018-05-23 19:06:24.748816
m3-309,m3-305,0x0000004d41,56,3811,2878,2018-05-23 19:06:28.091919
m3-314,m3-335,0x00000050c0,56,65535,1990,2018-05-23 19:06:41.406777
m3-334,m3-330,0x0000005299,56,4996,1346,2018-05-23 19:06:48.633308
m3-305,m3-301,0x00000052c1,56,65535,2878,2018-05-23 19:06:49.297468
m3-305,m3-313,0x00000052c1,56,65535,5252,2018-05-23 19:06:49.370874
m3-301,m3-318,0x0000005314,56,65535,2306,2018-05-23 19:06:50.402166
m3-302,m3-309,0x0000005315,56,4348,3456,2018-05-23 19:06:50.510465
m3-299,m3-301,0x00000058e3,56,65535,3456,2018-05-23 19:07:12.793639
m3-309,m3-322,0x000000595f,56,65535,1999,2018-05-23 19:07:14.745734
m3-298,m3-310,0x000000598c,56,65535,3146,2018-05-23 19:07:15.225202
m3-317,m3-322,0x0000005ab6,56,65535,1999,2018-05-23 19:07:19.745563
m3-299,m3-310,0x000000604b,56,65535,3146,2018-05-23 19:07:41.078616
m3-299,m3-298,0x000000604b,56,65535,3594,2018-05-23 19:07:41.151181
m3-299,m3-302,0x000000604c,56,65535,9802,2018-05-23 19:07:41.21916
m3-299,m3-314,0x00000067b4,56,65535,5318,2018-05-23 19:08:09.446916
m3-302,m3-298,0x0000006955,56,65535,3724,2018-05-23 19:08:15.84664
m3-301,m3-313,0x000000714b,56,65535,1909,2018-05-23 19:08:46.290258
m3-317,m3-329,0x0000007165,56,65535,1858,2018-05-23 19:08:46.77506
m3-317,m3-310,0x0000007165,56,65535,2878,2018-05-23 19:08:46.886888
m3-314,m3-318,0x000000728c,56,65535,2114,2018-05-23 19:08:51.091822
m3-317,m3-322,0x00000073bb,56,65535,1903,2018-05-23 19:08:55.618167
m3-301,m3-322,0x00000078d9,56,65535,1999,2018-05-23 19:09:15.295586
m3-299,m3-298,0x0000007dee,56,65535,3724,2018-05-23 19:09:34.715362
m3-299,m3-305,0x0000008280,56,65535,2664,2018-05-23 19:09:52.25157
m3-306,m3-310,0x00000082b1,56,2822,1967,2018-05-23 19:09:53.130223
m3-301,m3-298,0x0000008c1e,56,65535,2415,2018-05-23 19:10:29.121211
m3-314,m3-322,0x000000bd31,56,2400,1763,2018-05-23 19:13:37.451231
m3-330,m3-339,0x000000ce96,56,1920,1400,2018-05-23 19:14:44.195274
m3-322,m3-335,0x000000d4e7,56,2175,1400,2018-05-23 19:15:08.389683
m3-330,m3-335,0x000000d4e7,56,2065,1400,2018-05-23 19:15:08.547481
m3-335,m3-346,0x00000103ee,56,2764,1141,2018-05-23 19:18:09.502082
m3-322,m3-329,0x0000018495,56,2222,1586,2018-05-23 19:26:22.258399
m3-347,m3-351,0x000005495c,56,1792,1090,2018-05-23 20:28:02.97449
m3-346,m3-351,0x0000054895,56,2257,1090,2018-05-23 20:28:03.591177
m3-351,m3-354,0x0000054d57,56,3584,1090,2018-05-23 20:28:18.171697
m3-346,m3-358,0x0000000b14,57,65535,834,2018-05-22 02:07:00.712356
m3-334,m3-346,0x0000000d1f,57,65535,1412,2018-05-22 02:07:08.559469
m3-351,m3-346,0x0000000d1f,57,65535,1412,2018-05-22 02:07:08.559952
m3-326,m3-334,0x0000000f5b,57,65535,1990,2018-05-22 02:07:17.122103
m3-310,m3-326,0x0000001290,57,65535,2568,2018-05-22 02:07:29.432938
m3-317,m3-310,0x000000130c,57,65535,3146,2018-05-22 02:07:31.279969
m3-347,m3-334,0x00000013ec,57,65535,4740,2018-05-22 02:07:34.637568
m3-325,m3-326,0x00000017b6,57,65535,2568,2018-05-22 02:07:49.19706
m3-330,m3-326,0x00000017b6,57,65535,5318,2018-05-22 02:07:49.211098
m3-321,m3-326,0x00000017b6,57,65535,2568,2018-05-22 02:07:49.212085
m3-335,m3-330,0x00000018e0,57,65535,5896,2018-05-22 02:07:53.632282
m3-350,m3-334,0x000000192b,57,65535,1990,2018-05-22 02:07:54.77376
m3-339,m3-334,0x0000001c15,57,65535,1990,2018-05-22 02:08:05.9273
m3-322,m3-335,0x0000001e83,57,65535,9224,2018-05-22 02:08:15.270636
m3-343,m3-339,0x0000001e9c,57,65535,2568,2018-05-22 02:08:15.632335
m3-326,m3-346,0x0000001f00,57,2052,1090,2018-05-22 02:08:17.295139
m3-298,m3-310,0x0000001fae,57,65535,3146,2018-05-22 02:08:19.740294
m3-355,m3-350,0x000000213c,57,65535,2568,2018-05-22 02:08:25.697353
m3-342,m3-339,0x0000002203,57,65535,2568,2018-05-22 02:08:28.688049
m3-338,m3-339,0x0000002203,57,65535,2568,2018-05-22 02:08:28.690225
m3-354,m3-351,0x000000235f,57,65535,1990,2018-05-22 02:08:33.895986
m3-302,m3-298,0x00000026de,57,65535,3724,2018-05-22 02:08:47.310442
m3-330,m3-334,0x000000280a,57,2300,1758,2018-05-22 02:08:51.867189
m3-301,m3-317,0x0000002885,57,65535,3724,2018-05-22 02:08:53.651705
m3-305,m3-317,0x0000002885,57,65535,6474,2018-05-22 02:08:53.655379
m3-314,m3-317,0x0000002bec,57,65535,3724,2018-05-22 02:09:06.706822
m3-299,m3-301,0x0000002d2f,57,65535,4302,2018-05-22 02:09:11.536704
m3-335,m3-346,0x0000003653,57,2068,1090,2018-05-22 02:09:46.749305
m3-301,m3-298,0x0000003c26,57,6474,4279,2018-05-22 02:10:08.933774
m3-329,m3-326,0x0000003c71,57,65535,4418,2018-05-22 02:10:10.067812
m3-355,m3-358,0x0000004801,57,1548,834,2018-05-22 02:10:54.492802
m3-309,m3-321,0x000000492b,57,65535,2308,2018-05-22 02:10:58.864443
m3-305,m3-302,0x0000004941,57,65535,4302,2018-05-22 02:10:59.413831
m3-313,m3-298,0x0000004a24,57,65535,3731,2018-05-22 02:11:02.621362
m3-343,m3-346,0x0000004aec,57,2246,1205,2018-05-22 02:11:05.738544
m3-314,m3-321,0x0000004aec,57,4938,2308,2018-05-22 02:11:05.78876
m3-318,m3-325,0x0000004f32,57,65535,2203,2018-05-22 02:11:22.030359
m3-306,m3-310,0x0000004f63,57,65535,3146,2018-05-22 02:11:22.739953
m3-305,m3-310,0x00000050c6,57,65535,3146,2018-05-22 02:11:28.183171
m3-305,m3-301,0x00000050c7,57,65535,4857,2018-05-22 02:11:28.255712
m3-305,m3-314,0x00000050c7,57,65535,4302,2018-05-22 02:11:28.328691
m3-317,m3-326,0x00000054a7,57,4513,1668,2018-05-22 02:11:43.057484
m3-298,m3-309,0x0000005538,57,7816,2886,2018-05-22 02:11:45.241858
m3-321,m3-334,0x0000005aaa,57,1858,1346,2018-05-22 02:12:06.051637
m3-313,m3-309,0x0000006165,57,65535,2886,2018-05-22 02:12:31.993992
m3-301,m3-317,0x0000006527,57,3142,2246,2018-05-22 02:12:46.318105
m3-346,m3-334,0x0000006844,57,2688,1512,2018-05-22 02:12:58.204973
m3-351,m3-358,0x0000006b91,57,1768,834,2018-05-22 02:13:11.023262
m3-334,m3-335,0x0000006bf6,57,2152,1445,2018-05-22 02:13:12.426139
m3-326,m3-334,0x0000006c0e,57,2755,2023,2018-05-22 02:13:12.868857
m3-321,m3-326,0x0000006c40,57,2050,1538,2018-05-22 02:13:13.517181
m3-301,m3-298,0x0000007325,57,4996,3291,2018-05-22 02:13:39.924179
m3-302,m3-317,0x0000007370,57,2969,2246,2018-05-22 02:13:41.08211
m3-305,m3-314,0x0000007cab,57,65535,2372,2018-05-22 02:14:16.422847
m3-321,m3-334,0x0000007eb6,57,3431,2023,2018-05-22 02:14:24.331825
m3-347,m3-351,0x0000008044,57,1819,1144,2018-05-22 02:14:30.313746
m3-325,m3-334,0x0000008204,57,3815,2023,2018-05-22 02:14:36.994938
m3-329,m3-330,0x0000008268,57,2951,1838,2018-05-22 02:14:38.505196
m3-310,m3-318,0x00000083ab,57,4391,2781,2018-05-22 02:14:43.288706
m3-306,m3-309,0x00000083ab,57,3976,2756,2018-05-22 02:14:43.34156
m3-346,m3-358,0x0000008584,57,1819,834,2018-05-22 02:14:50.487174
m3-326,m3-335,0x0000008766,57,65535,2346,2018-05-22 02:14:57.74284
m3-350,m3-351,0x0000008aa9,57,1893,1144,2018-05-22 02:15:10.14778
m3-339,m3-346,0x0000008b0e,57,2740,2090,2018-05-22 02:15:11.699484
m3-334,m3-346,0x0000008ce6,57,2024,1332,2018-05-22 02:15:18.756383
m3-309,m3-317,0x0000008d94,57,3815,2246,2018-05-22 02:15:21.351465
m3-317,m3-321,0x0000008dac,57,65535,2601,2018-05-22 02:15:21.650153
m3-326,m3-321,0x0000008f09,57,65535,2116,2018-05-22 02:15:26.967194
m3-326,m3-321,0x00000098a7,57,65535,2601,2018-05-22 02:16:03.767818
m3-342,m3-346,0x0000009a04,57,2346,1412,2018-05-22 02:16:09.07285
m3-338,m3-334,0x0000009acb,57,2346,1777,2018-05-22 02:16:12.039461
m3-346,m3-351,0x000000c573,57,2201,1090,2018-05-22 02:18:55.88187
m3-334,m3-335,0x000000ca81,57,3057,1455,2018-05-22 02:19:15.063696
m3-301,m3-310,0x000000fbab,57,3233,2489,2018-05-22 02:22:23.647403
m3-335,m3-351,0x0000010439,57,2141,1090,2018-05-22 02:22:57.091149
m3-326,m3-330,0x0000014696,57,2530,1924,2018-05-22 02:27:11.079745
m3-298,m3-302,0x0000035bf0,57,2952,2424,2018-05-22 03:01:16.908333
m3-313,m3-322,0x0000035dfc,57,2747,2040,2018-05-22 03:01:24.675148
m3-329,m3-335,0x0000059019,57,1920,1400,2018-05-22 03:37:21.096432
m3-351,m3-355,0x00000590e0,57,34304,1090,2018-05-22 03:37:27.729987
m3-346,m3-358,0x0000000b14,58,65535,834,2018-05-23 20:28:59.709689
m3-351,m3-346,0x0000000d1f,58,65535,1412,2018-05-23 20:29:07.550979
m3-334,m3-346,0x0000000d1f,58,65535,1412,2018-05-23 20:29:07.552773
m3-338,m3-334,0x0000000f74,58,65535,1990,2018-05-23 20:29:16.490973
m3-325,m3-334,0x0000000f74,58,65535,1990,2018-05-23 20:29:16.49245
m3-310,m3-325,0x00000010d0,58,65535,2568,2018-05-23 20:29:21.704339
m3-342,m3-346,0x0000001197,58,65535,1412,2018-05-23 20:29:24.684499
m3-335,m3-351,0x0000001405,58,65535,4740,2018-05-23 20:29:34.027953
m3-343,m3-351,0x0000001405,58,65535,4740,2018-05-23 20:29:34.032561
m3-350,m3-351,0x0000001405,58,65535,4740,2018-05-23 20:29:34.05227
m3-314,m3-334,0x000000149a,58,65535,1990,2018-05-23 20:29:36.236976
m3-309,m3-310,0x000000176b,58,65535,3146,2018-05-23 20:29:47.057154
m3-298,m3-309,0x0000001912,58,65535,3724,2018-05-23 20:29:53.377944
m3-326,m3-325,0x000000192b,58,65535,5318,2018-05-23 20:29:53.758977
m3-313,m3-314,0x0000001ab9,58,65535,2568,2018-05-23 20:29:59.711431
m3-329,m3-342,0x0000001c2e,58,65535,1990,2018-05-23 20:30:05.314666
m3-318,m3-326,0x0000001cab,58,65535,8646,2018-05-23 20:30:07.214203
m3-339,m3-335,0x0000001d27,58,65535,8068,2018-05-23 20:30:09.031516
m3-301,m3-310,0x0000001e6a,58,65535,3146,2018-05-23 20:30:13.897689
m3-299,m3-310,0x0000001e6a,58,65535,3146,2018-05-23 20:30:13.906214
m3-317,m3-310,0x0000002075,58,65535,3146,2018-05-23 20:30:21.74623
m3-347,m3-339,0x0000002075,58,65535,8646,2018-05-23 20:30:21.770454
m3-335,m3-334,0x00000024a3,58,2180,1346,2018-05-23 20:30:37.827359
m3-322,m3-314,0x00000028b7,58,65535,2568,2018-05-23 20:30:53.387137
m3-321,m3-317,0x0000002af3,58,65535,3724,2018-05-23 20:31:01.960779
m3-309,m3-314,0x0000002b0c,58,3811,2568,2018-05-23 20:31:02.448257
m3-330,m3-335,0x0000002f21,58,65535,1924,2018-05-23 20:31:18.008038
m3-310,m3-314,0x0000003255,58,65535,2568,2018-05-23 20:31:30.443127
m3-310,m3-313,0x0000003255,58,65535,5896,2018-05-23 20:31:30.51963
m3-310,m3-299,0x0000003255,58,65535,6474,2018-05-23 20:31:30.591635
m3-298,m3-299,0x000000331d,58,4279,3724,2018-05-23 20:31:33.364096
m3-317,m3-329,0x0000003368,58,13576,2568,2018-05-23 20:31:34.502733
m3-306,m3-314,0x00000037c7,58,65535,1914,2018-05-23 20:31:51.188431
m3-355,m3-350,0x0000003955,58,65535,5318,2018-05-23 20:31:57.143222
m3-299,m3-314,0x000000396c,58,65535,2568,2018-05-23 20:31:57.548946
m3-310,m3-317,0x00000039cb,58,65535,6474,2018-05-23 20:31:58.955744
m3-301,m3-314,0x0000003a72,58,65535,2568,2018-05-23 20:32:01.397495
m3-305,m3-317,0x0000003d1f,58,65535,3146,2018-05-23 20:32:11.667815
m3-299,m3-298,0x00000040d5,58,65535,7052,2018-05-23 20:32:26.04601
m3-298,m3-301,0x0000004143,58,65535,3724,2018-05-23 20:32:27.54404
m3-354,m3-358,0x0000004165,58,65535,834,2018-05-23 20:32:28.084413
m3-347,m3-346,0x00000045c6,58,1858,1124,2018-05-23 20:32:45.033473
m3-310,m3-313,0x0000004a24,58,65535,2170,2018-05-23 20:33:01.601228
m3-299,m3-306,0x00000055cd,58,65535,2492,2018-05-23 20:33:46.340927
m3-317,m3-314,0x0000005743,58,2426,1872,2018-05-23 20:33:51.963976
m3-302,m3-306,0x0000005a2c,58,65535,2492,2018-05-23 20:34:03.111002
m3-298,m3-309,0x0000005d30,58,3701,3146,2018-05-23 20:34:14.767628
m3-301,m3-317,0x0000005e73,58,4554,2450,2018-05-23 20:34:19.51721
m3-305,m3-306,0x0000008268,58,2567,2035,2018-05-23 20:36:37.665867
m3-355,m3-358,0x00000085b4,58,1370,834,2018-05-23 20:36:50.15762
m3-321,m3-325,0x000000a1e3,58,2272,1698,2018-05-23 20:38:38.319163
m3-301,m3-313,0x000000cf75,58,2962,2256,2018-05-23 20:41:33.157138
m3-310,m3-314,0x000002fac6,58,2420,1711,2018-05-23 21:17:03.145716
m3-314,m3-325,0x0000030c44,58,2339,1671,2018-05-23 21:18:10.857084
m3-314,m3-321,0x0000031d2c,58,2467,1927,2018-05-23 21:19:15.22702
m3-322,m3-325,0x0000032840,58,2183,1602,2018-05-23 21:19:57.625496
m3-318,m3-334,0x000003419c,58,2025,1439,2018-05-23 21:21:34.89525
m3-313,m3-318,0x0000038396,58,2198,1636,2018-05-23 21:25:47.955121
m3-306,m3-318,0x000003845d,58,2240,1636,2018-05-23 21:25:50.976075
m3-314,m3-318,0x0000054a3c,58,2195,1656,2018-05-23 21:54:51.901585
m3-346,m3-355,0x0000059096,58,3584,1090,2018-05-23 21:59:26.722661
m3-347,m3-358,0x00000006b5,59,65535,834,2018-05-22 13:49:17.123684
m3-346,m3-358,0x0000000b14,59,65535,834,2018-05-22 13:49:33.894492
m3-338,m3-346,0x0000000d06,59,65535,1412,2018-05-22 13:49:41.346765
m3-355,m3-347,0x0000000ff0,59,65535,1412,2018-05-22 13:49:52.528474
m3-322,m3-346,0x000000117e,59,65535,1412,2018-05-22 13:49:58.505149
m3-339,m3-355,0x0000001245,59,65535,1990,2018-05-22 13:50:01.471895
m3-325,m3-339,0x00000015dd,59,65535,2568,2018-05-22 13:50:15.259165
m3-342,m3-339,0x00000015dd,59,65535,5318,2018-05-22 13:50:15.259943
m3-354,m3-346,0x00000017cf,59,65535,1412,2018-05-22 13:50:22.744775
m3-351,m3-346,0x00000019d9,59,65535,1412,2018-05-22 13:50:30.553192
m3-334,m3-346,0x0000001b04,59,65535,1138,2018-05-22 13:50:35.035693
m3-329,m3-322,0x0000001c2e,59,65535,1990,2018-05-22 13:50:39.485938
m3-339,m3-338,0x0000001d72,59,4740,1990,2018-05-22 13:50:44.347554
m3-330,m3-334,0x0000001ff8,59,65535,1716,2018-05-22 13:50:54.038092
m3-317,m3-329,0x00000020d8,59,65535,2568,2018-05-22 13:50:57.376518
m3-321,m3-322,0x0000002186,59,65535,1990,2018-05-22 13:51:00.001027
m3-343,m3-342,0x000000219f,59,65535,8646,2018-05-22 13:51:00.364509
m3-314,m3-321,0x000000221c,59,65535,2568,2018-05-22 13:51:02.315941
m3-350,m3-351,0x00000024a2,59,65535,1990,2018-05-22 13:51:11.922525
m3-338,m3-347,0x0000002743,59,2523,1412,2018-05-22 13:51:22.062619
m3-326,m3-322,0x00000027a5,59,65535,1730,2018-05-22 13:51:23.486304
m3-310,m3-322,0x00000027a5,59,65535,4480,2018-05-22 13:51:23.490316
m3-301,m3-314,0x000000283b,59,65535,3146,2018-05-22 13:51:25.725443
m3-298,m3-314,0x000000283b,59,65535,3146,2018-05-22 13:51:25.734252
m3-299,m3-301,0x0000002a90,59,65535,3724,2018-05-22 13:51:34.654706
m3-322,m3-334,0x0000002e42,59,3840,1716,2018-05-22 13:51:48.946854
m3-342,m3-346,0x0000003002,59,1924,1090,2018-05-22 13:51:55.596353
m3-309,m3-314,0x0000003064,59,65535,3146,2018-05-22 13:51:57.011392
m3-339,m3-346,0x00000035ef,59,1668,1090,2018-05-22 13:52:18.545182
m3-318,m3-321,0x0000003683,59,65535,2604,2018-05-22 13:52:20.508784
m3-335,m3-321,0x000000396e,59,65535,5354,2018-05-22 13:52:31.686692
m3-313,m3-335,0x0000003f8d,59,65535,5932,2018-05-22 13:52:55.170286
m3-329,m3-334,0x00000040b8,59,1972,1346,2018-05-22 13:52:59.71478
m3-321,m3-330,0x000000425f,59,3220,2294,2018-05-22 13:53:06.067631
m3-306,m3-313,0x00000046a5,59,65535,6510,2018-05-22 13:53:22.373999
m3-302,m3-301,0x000000495d,59,65535,3574,2018-05-22 13:53:32.822407
m3-305,m3-298,0x00000049c1,59,65535,7688,2018-05-22 13:53:34.335219
m3-322,m3-339,0x0000004a63,59,65535,1668,2018-05-22 13:53:36.95786
m3-335,m3-334,0x0000004cc5,59,1912,1400,2018-05-22 13:53:45.905115
m3-314,m3-339,0x00000051b9,59,2882,1668,2018-05-22 13:54:04.920907
m3-322,m3-329,0x000000520a,59,65535,2040,2018-05-22 13:54:06.149103
m3-301,m3-317,0x00000052b1,59,3764,3103,2018-05-22 13:54:08.66886
m3-310,m3-314,0x00000054d5,59,12724,2806,2018-05-22 13:54:16.843865
m3-313,m3-314,0x0000005539,59,5728,2806,2018-05-22 13:54:18.429449
m3-326,m3-330,0x0000005619,59,5044,1656,2018-05-22 13:54:21.652623
m3-322,m3-326,0x00000059b1,59,65535,5058,2018-05-22 13:54:35.650101
m3-322,m3-310,0x00000059b1,59,65535,7808,2018-05-22 13:54:35.748494
m3-322,m3-325,0x000000615d,59,65535,5186,2018-05-22 13:55:04.859366
m3-298,m3-309,0x00000061da,59,3892,3180,2018-05-22 13:55:06.821874
m3-309,m3-317,0x0000006c72,59,3130,2234,2018-05-22 13:55:47.465184
m3-313,m3-317,0x000000722e,59,4996,2253,2018-05-22 13:56:09.442438
m3-314,m3-321,0x0000007817,59,65535,1966,2018-05-22 13:56:32.165261
m3-314,m3-330,0x0000007fba,59,65535,1971,2018-05-22 13:57:01.431351
m3-314,m3-329,0x0000007fba,59,65535,1888,2018-05-22 13:57:01.553921
m3-310,m3-309,0x00000081a1,59,4996,2482,2018-05-22 13:57:08.628705
m3-314,m3-338,0x00000085e6,59,65535,4268,2018-05-22 13:57:25.027291
m3-346,m3-347,0x0000009cef,59,3584,1138,2018-05-22 13:58:54.166765
m3-346,m3-358,0x000000a70a,59,1440,834,2018-05-22 13:59:32.198774
m3-346,m3-347,0x000000c5f0,59,13568,1144,2018-05-22 14:01:30.741626
m3-346,m3-358,0x000000d595,59,1780,834,2018-05-22 14:02:30.722097
m3-334,m3-347,0x000000deb7,59,2530,1090,2018-05-22 14:03:06.118642
m3-314,m3-321,0x000000e8a0,59,3308,2022,2018-05-22 14:03:43.796695
m3-355,m3-358,0x000000f0b0,59,1419,834,2018-05-22 14:04:14.730534
m3-325,m3-334,0x000001129a,59,2358,1565,2018-05-22 14:06:24.802334
m3-326,m3-329,0x0000017189,59,2522,1857,2018-05-22 14:12:28.934803
m3-305,m3-309,0x0000036309,59,2974,2337,2018-05-22 14:44:17.317202
m3-347,m3-358,0x00000006b5,60,65535,834,2018-05-22 08:51:24.985705
m3-346,m3-358,0x0000000b14,60,65535,834,2018-05-22 08:51:41.756298
m3-330,m3-346,0x0000000b2d,60,65535,1412,2018-05-22 08:51:42.126719
m3-335,m3-330,0x0000000cd4,60,65535,1990,2018-05-22 08:51:48.465383
m3-339,m3-346,0x0000000fbe,60,65535,1412,2018-05-22 08:51:59.655696
m3-321,m3-330,0x00000012da,60,65535,1990,2018-05-22 08:52:11.587892
m3-343,m3-330,0x00000012da,60,65535,1990,2018-05-22 08:52:11.589629
m3-355,m3-346,0x0000001357,60,65535,1412,2018-05-22 08:52:13.47208
m3-334,m3-343,0x00000015ac,60,65535,2568,2018-05-22 08:52:22.384252
m3-354,m3-347,0x0000001896,60,65535,1412,2018-05-22 08:52:33.567977
m3-329,m3-335,0x000000198f,60,65535,2568,2018-05-22 08:52:37.294028
m3-309,m3-321,0x0000001a24,60,65535,2568,2018-05-22 08:52:39.541328
m3-351,m3-354,0x0000001b99,60,65535,4740,2018-05-22 08:52:45.108567
m3-306,m3-321,0x0000001f95,60,65535,2568,2018-05-22 08:53:00.393662
m3-342,m3-347,0x00000021d1,60,65535,1199,2018-05-22 08:53:08.990717
m3-338,m3-335,0x000000243f,60,65535,2568,2018-05-22 08:53:18.306233
m3-350,m3-334,0x0000002471,60,65535,3146,2018-05-22 08:53:19.097548
m3-313,m3-306,0x0000002965,60,65535,3146,2018-05-22 08:53:38.081318
m3-310,m3-309,0x00000029c9,60,65535,3146,2018-05-22 08:53:39.582272
m3-298,m3-309,0x00000029c9,60,65535,3146,2018-05-22 08:53:39.587398
m3-326,m3-334,0x0000002a45,60,65535,3146,2018-05-22 08:53:41.417681
m3-302,m3-310,0x0000002f9d,60,65535,3724,2018-05-22 08:54:01.933781
m3-318,m3-310,0x00000035bc,60,65535,6474,2018-05-22 08:54:25.382523
m3-299,m3-298,0x00000036e7,60,65535,3724,2018-05-22 08:54:29.863007
m3-314,m3-330,0x0000003afc,60,65535,1448,2018-05-22 08:54:45.550067
m3-305,m3-306,0x0000003ced,60,65535,3173,2018-05-22 08:54:52.970594
m3-325,m3-342,0x000000403b,60,65535,4527,2018-05-22 08:55:05.617227
m3-343,m3-346,0x000000403c,60,1975,1123,2018-05-22 08:55:05.712298
m3-350,m3-346,0x00000040d0,60,2973,1090,2018-05-22 08:55:08.014067
m3-317,m3-326,0x0000004325,60,65535,3724,2018-05-22 08:55:16.82562
m3-322,m3-334,0x0000004437,60,65535,2824,2018-05-22 08:55:20.920676
m3-346,m3-347,0x0000004594,60,2048,1267,2018-05-22 08:55:26.382213
m3-326,m3-321,0x00000048fb,60,2556,1704,2018-05-22 08:55:39.25116
m3-301,m3-313,0x0000004c47,60,65535,6474,2018-05-22 08:55:51.869331
m3-314,m3-321,0x000000518e,60,65535,2142,2018-05-22 08:56:13.369622
m3-325,m3-321,0x00000058af,60,65535,1869,2018-05-22 08:56:39.4305
m3-314,m3-339,0x0000005931,60,65535,4150,2018-05-22 08:56:42.880961
m3-318,m3-321,0x00000059e3,60,2530,1869,2018-05-22 08:56:44.098837
m3-314,m3-339,0x0000005c1e,60,65535,2155,2018-05-22 08:56:52.622484
m3-313,m3-309,0x000000601b,60,2844,2234,2018-05-22 08:57:08.014599
m3-306,m3-309,0x000000601b,60,3083,2290,2018-05-22 08:57:08.02409
m3-355,m3-358,0x00000061a8,60,1523,834,2018-05-22 08:57:13.907474
m3-338,m3-343,0x000000711c,60,2137,1602,2018-05-22 08:58:13.238023
m3-329,m3-330,0x0000007a57,60,2745,2203,2018-05-22 08:58:48.5948
m3-346,m3-358,0x0000008fb8,60,3869,834,2018-05-22 09:00:10.977792
m3-309,m3-314,0x000000a3bc,60,3119,1882,2018-05-22 09:01:27.504832
m3-354,m3-358,0x000000a722,60,2285,834,2018-05-22 09:01:40.418606
m3-305,m3-309,0x000000ae3a,60,3271,2298,2018-05-22 09:02:07.733717
m3-314,m3-318,0x000000c2bb,60,3420,2874,2018-05-22 09:03:26.411685
m3-309,m3-321,0x000000cab3,60,3130,2604,2018-05-22 09:03:56.870968
m3-310,m3-321,0x000000cab3,60,2960,2040,2018-05-22 09:03:56.871748
m3-309,m3-314,0x000000ccd6,60,4790,3130,2018-05-22 09:04:05.248881
m3-306,m3-310,0x000000d406,60,3898,2618,2018-05-22 09:04:32.644088
m3-305,m3-310,0x000000d4cd,60,3386,2618,2018-05-22 09:04:35.673038
m3-298,m3-302,0x000000dc61,60,3495,2875,2018-05-22 09:05:04.68779
m3-313,m3-310,0x000000e32f,60,3386,1997,2018-05-22 09:05:30.869887
m3-314,m3-339,0x0000011f9f,60,1973,1455,2018-05-22 09:09:22.586012
m3-330,m3-339,0x0000015191,60,2204,1380,2018-05-22 09:12:34.745603
m3-330,m3-334,0x0000015fda,60,2175,1644,2018-05-22 09:13:28.972197
m3-335,m3-339,0x0000016fb0,60,1900,1386,2018-05-22 09:14:29.931482
m3-305,m3-309,0x0000017968,60,2502,1984,2018-05-22 09:15:06.955416
m3-313,m3-314,0x0000018418,60,2421,1898,2018-05-22 09:15:48.092528
m3-299,m3-301,0x000004ab44,60,2875,2319,2018-05-22 10:07:24.217642
m3-346,m3-355,0x00000590e0,60,3584,1090,2018-05-22 10:22:07.362853
