node,new_parent,asn,time
m3-220,m3-207,0x00000008d8,2018-02-13 11:33:57.13336
m3-213,m3-220,0x0000000f29,2018-02-13 11:34:21.361825
m3-236,m3-220,0x000000111a,2018-02-13 11:34:28.8115
m3-216,m3-236,0x000000160f,2018-02-13 11:34:47.834882
m3-244,m3-236,0x000000160f,2018-02-13 11:34:47.842019
m3-252,m3-244,0x0000001896,2018-02-13 11:34:57.549116
m3-249,m3-244,0x0000001896,2018-02-13 11:34:57.551649
m3-224,m3-220,0x0000001a3d,2018-02-13 11:35:03.853914
m3-232,m3-236,0x0000001bcb,2018-02-13 11:35:09.825497
m3-217,m3-220,0x0000001dbc,2018-02-13 11:35:17.313655
m3-208,m3-220,0x0000001dbc,2018-02-13 11:35:17.314673
m3-241,m3-220,0x0000001dbc,2018-02-13 11:35:17.326448
m3-212,m3-220,0x0000001dbc,2018-02-13 11:35:17.327531
m3-225,m3-232,0x0000001e6a,2018-02-13 11:35:19.883509
m3-248,m3-249,0x000000216d,2018-02-13 11:35:31.415905
m3-237,m3-236,0x00000021ea,2018-02-13 11:35:33.292477
m3-253,m3-248,0x00000028e9,2018-02-13 11:36:00.128681
m3-233,m3-225,0x0000002933,2018-02-13 11:36:01.242081
m3-240,m3-237,0x0000002965,2018-02-13 11:36:01.986937
m3-220,m3-236,0x0000002af3,2018-02-13 11:36:08.025782
m3-221,m3-220,0x0000002dc5,2018-02-13 11:36:18.800804
m3-209,m3-212,0x0000002eef,2018-02-13 11:36:23.240952
m3-229,m3-237,0x0000002fcf,2018-02-13 11:36:26.590527
m3-233,m3-236,0x00000032a0,2018-02-13 11:36:37.52829
m3-228,m3-232,0x00000035bc,2018-02-13 11:36:49.322635
m3-245,m3-232,0x00000039d1,2018-02-13 11:37:05.001407
m3-213,m3-207,0x0000003ced,2018-02-13 11:37:16.992394
m3-212,m3-207,0x0000003f29,2018-02-13 11:37:25.552272
m3-236,m3-212,0x0000003f74,2018-02-13 11:37:26.677158
m3-208,m3-207,0x000000406d,2018-02-13 11:37:30.410005
m3-248,m3-212,0x00000041e2,2018-02-13 11:37:35.995694
m3-249,m3-232,0x000000433e,2018-02-13 11:37:41.244269
m3-252,m3-232,0x0000004593,2018-02-13 11:37:50.165739
m3-224,m3-212,0x000000484b,2018-02-13 11:38:00.586655
m3-253,m3-249,0x0000004f00,2018-02-13 11:38:26.320537
m3-225,m3-212,0x0000004f4a,2018-02-13 11:38:27.427654
m3-245,m3-212,0x00000057bf,2018-02-13 11:38:59.884919
m3-229,m3-212,0x000000594d,2018-02-13 11:39:05.846766
m3-240,m3-212,0x00000059fb,2018-02-13 11:39:08.428716
m3-221,m3-213,0x0000005dde,2018-02-13 11:39:23.378186
m3-241,m3-236,0x0000005ed6,2018-02-13 11:39:27.056122
m3-228,m3-212,0x000000658b,2018-02-13 11:39:52.782595
m3-216,m3-207,0x00000065bd,2018-02-13 11:39:53.563094
m3-217,m3-207,0x0000006700,2018-02-13 11:39:58.389712
m3-248,m3-236,0x0000006a6e,2018-02-13 11:40:11.472969
m3-232,m3-213,0x00000074cc,2018-02-13 11:40:51.296011
m3-245,m3-240,0x000000762a,2018-02-13 11:40:56.542698
m3-244,m3-212,0x0000007860,2018-02-13 11:41:05.167292
m3-244,m3-224,0x0000007860,2018-02-13 11:41:05.244519
m3-244,m3-232,0x0000007860,2018-02-13 11:41:05.319277
m3-248,m3-232,0x00000079c0,2018-02-13 11:41:10.434731
m3-248,m3-245,0x00000079c0,2018-02-13 11:41:10.507819
m3-244,m3-245,0x0000007ff6,2018-02-13 11:41:34.175615
m3-244,m3-228,0x0000008a2d,2018-02-13 11:42:13.238508
m3-248,m3-228,0x0000008a2d,2018-02-13 11:42:13.251893
m3-229,m3-216,0x0000008c67,2018-02-13 11:42:21.889312
m3-252,m3-228,0x000000939a,2018-02-13 11:42:49.480454
m3-229,m3-228,0x00000093dc,2018-02-13 11:42:50.433396
m3-216,m3-208,0x00000093fd,2018-02-13 11:42:50.956301
m3-241,m3-228,0x00000095d6,2018-02-13 11:42:58.07
m3-229,m3-225,0x0000009a1c,2018-02-13 11:43:14.341195
m3-233,m3-212,0x0000009a35,2018-02-13 11:43:14.810985
m3-253,m3-245,0x000000a3ed,2018-02-13 11:43:52.144749
m3-236,m3-225,0x000000ab68,2018-02-13 11:44:20.780113
m3-248,m3-232,0x000000af61,2018-02-13 11:44:36.138563
m3-240,m3-228,0x000000c4c4,2018-02-13 11:45:58.039089
m3-248,m3-212,0x000000e520,2018-02-13 11:48:02.28746
m3-249,m3-236,0x000000f45c,2018-02-13 11:49:00.561931
m3-249,m3-241,0x000000fc05,2018-02-13 11:49:30.058167
m3-249,m3-240,0x000000fc05,2018-02-13 11:49:30.134151
m3-249,m3-253,0x000000fc06,2018-02-13 11:49:30.223802
m3-249,m3-248,0x00000102aa,2018-02-13 11:49:55.436115
m3-240,m3-212,0x00000108e2,2018-02-13 11:50:19.336635
m3-249,m3-232,0x0000011360,2018-02-13 11:50:59.564877
m3-232,m3-212,0x00000114a4,2018-02-13 11:51:04.430874
m3-248,m3-236,0x00000129f4,2018-02-13 11:52:26.262564
m3-233,m3-225,0x0000012ef9,2018-02-13 11:52:45.44244
m3-220,m3-207,0x0000012f5c,2018-02-13 11:52:46.920561
m3-240,m3-208,0x0000014f6d,2018-02-13 11:54:49.919059
m3-245,m3-236,0x0000015e4b,2018-02-13 11:55:46.946597
m3-240,m3-228,0x00000161e4,2018-02-13 11:56:00.837759
m3-253,m3-244,0x0000016fe1,2018-02-13 11:56:54.398894
m3-249,m3-244,0x0000017699,2018-02-13 11:57:20.152562
m3-233,m3-232,0x0000020585,2018-02-13 12:06:28.41271
m3-244,m3-212,0x000003a374,2018-02-13 12:32:56.170386
m3-240,m3-208,0x0000086798,2018-02-13 13:50:56.380166
m3-240,m3-228,0x000008a3d6,2018-02-13 13:54:47.475174
m3-248,m3-212,0x0000094eda,2018-02-13 14:05:43.565311
m3-248,m3-220,0x0000098b95,2018-02-13 14:09:36.430419
m3-248,m3-224,0x0000099a5d,2018-02-13 14:10:33.042471
m3-245,m3-244,0x000009a7c3,2018-02-13 14:11:24.538345
m3-237,m3-228,0x000009b037,2018-02-13 14:11:57.065021
m3-248,m3-244,0x000009b8f5,2018-02-13 14:12:30.747263
m3-244,m3-220,0x00000b6100,2018-02-13 14:39:37.000582
m3-240,m3-208,0x00000b861e,2018-02-13 14:41:59.385753
m3-240,m3-228,0x00000b87b4,2018-02-13 14:42:05.38677
m3-244,m3-216,0x00000b8cd3,2018-02-13 14:42:25.089179
m3-220,m3-213,0x00000b9591,2018-02-13 14:42:58.756524
m3-240,m3-213,0x0000105396,2018-02-13 16:00:35.396817
m3-220,m3-207,0x000000082a,2018-02-20 10:16:39.207627
m3-216,m3-220,0x0000000a1b,2018-02-20 10:16:46.655563
m3-229,m3-220,0x0000000d9b,2018-02-20 10:17:00.083542
m3-217,m3-216,0x0000000f42,2018-02-20 10:17:06.422901
m3-212,m3-216,0x0000000f42,2018-02-20 10:17:06.423993
m3-232,m3-220,0x0000001213,2018-02-20 10:17:17.229519
m3-240,m3-232,0x00000013d3,2018-02-20 10:17:23.97627
m3-241,m3-232,0x00000013d3,2018-02-20 10:17:23.98494
m3-233,m3-232,0x00000013d3,2018-02-20 10:17:23.987059
m3-228,m3-232,0x00000013d3,2018-02-20 10:17:23.988334
m3-209,m3-220,0x000000165a,2018-02-20 10:17:33.61811
m3-244,m3-212,0x00000016bd,2018-02-20 10:17:35.105757
m3-224,m3-244,0x0000001864,2018-02-20 10:17:41.442867
m3-213,m3-224,0x00000018af,2018-02-20 10:17:42.56918
m3-245,m3-240,0x0000001aa0,2018-02-20 10:17:50.011196
m3-248,m3-241,0x0000001cab,2018-02-20 10:17:57.90178
m3-225,m3-244,0x0000001d59,2018-02-20 10:18:00.474677
m3-232,m3-216,0x0000002471,2018-02-20 10:18:27.827687
m3-216,m3-207,0x0000002489,2018-02-20 10:18:28.140181
m3-216,m3-209,0x0000002552,2018-02-20 10:18:31.039385
m3-220,m3-216,0x00000026ad,2018-02-20 10:18:36.329011
m3-252,m3-232,0x00000028b7,2018-02-20 10:18:44.076532
m3-236,m3-232,0x00000028b7,2018-02-20 10:18:44.083902
m3-256,m3-236,0x000000315d,2018-02-20 10:19:17.239814
m3-249,m3-241,0x00000032eb,2018-02-20 10:19:23.205756
m3-208,m3-209,0x0000003a1c,2018-02-20 10:19:50.783401
m3-237,m3-241,0x0000003ae3,2018-02-20 10:19:53.766682
m3-260,m3-236,0x0000003afc,2018-02-20 10:19:54.203672
m3-213,m3-207,0x0000003c45,2018-02-20 10:19:59.07336
m3-261,m3-260,0x0000003ca2,2018-02-20 10:20:00.467171
m3-217,m3-207,0x000000403b,2018-02-20 10:20:14.352693
m3-225,m3-220,0x0000004319,2018-02-20 10:20:25.358597
m3-216,m3-207,0x0000004370,2018-02-20 10:20:26.645501
m3-244,m3-232,0x0000004444,2018-02-20 10:20:29.911027
m3-244,m3-220,0x0000004444,2018-02-20 10:20:29.988761
m3-224,m3-209,0x00000044be,2018-02-20 10:20:31.583223
m3-221,m3-228,0x0000004833,2018-02-20 10:20:44.842055
m3-236,m3-216,0x00000048fa,2018-02-20 10:20:48.020797
m3-225,m3-232,0x0000004a8d,2018-02-20 10:20:53.873836
m3-224,m3-216,0x0000004c61,2018-02-20 10:21:00.868911
m3-228,m3-216,0x0000004cc4,2018-02-20 10:21:02.441533
m3-253,m3-252,0x0000004d40,2018-02-20 10:21:04.250012
m3-257,m3-252,0x0000004d40,2018-02-20 10:21:04.256939
m3-256,m3-252,0x0000005153,2018-02-20 10:21:19.999062
m3-213,m3-216,0x00000052dc,2018-02-20 10:21:25.716209
m3-209,m3-207,0x0000005372,2018-02-20 10:21:28.159855
m3-265,m3-257,0x0000005551,2018-02-20 10:21:35.153385
m3-216,m3-217,0x0000005631,2018-02-20 10:21:38.708319
m3-229,m3-216,0x0000005854,2018-02-20 10:21:46.864922
m3-260,m3-240,0x00000058b7,2018-02-20 10:21:48.266158
m3-264,m3-265,0x0000005ac2,2018-02-20 10:21:56.015828
m3-240,m3-216,0x0000005b3e,2018-02-20 10:21:58.022366
m3-236,m3-228,0x0000006269,2018-02-20 10:22:25.49366
m3-244,m3-216,0x000000629a,2018-02-20 10:22:26.17759
m3-244,m3-232,0x000000629b,2018-02-20 10:22:26.247051
m3-257,m3-236,0x00000063fd,2018-02-20 10:22:31.650705
m3-237,m3-212,0x00000064c4,2018-02-20 10:22:34.485199
m3-257,m3-252,0x0000006863,2018-02-20 10:22:48.29417
m3-236,m3-233,0x00000069fa,2018-02-20 10:22:54.510039
m3-236,m3-237,0x00000069fa,2018-02-20 10:22:54.582974
m3-244,m3-212,0x0000006a30,2018-02-20 10:22:55.201344
m3-260,m3-228,0x0000006aca,2018-02-20 10:22:57.602447
m3-233,m3-212,0x0000006ae3,2018-02-20 10:22:58.059305
m3-225,m3-212,0x0000006b91,2018-02-20 10:23:00.568199
m3-237,m3-240,0x0000006f25,2018-02-20 10:23:14.214365
m3-212,m3-207,0x0000007102,2018-02-20 10:23:21.485979
m3-260,m3-252,0x00000071aa,2018-02-20 10:23:23.96611
m3-252,m3-240,0x0000007370,2018-02-20 10:23:30.758278
m3-245,m3-232,0x0000007405,2018-02-20 10:23:33.005121
m3-217,m3-209,0x0000007530,2018-02-20 10:23:37.506606
m3-240,m3-212,0x000000766f,2018-02-20 10:23:42.180013
m3-241,m3-228,0x00000076ef,2018-02-20 10:23:44.231811
m3-229,m3-228,0x0000007744,2018-02-20 10:23:45.539653
m3-224,m3-217,0x00000078e1,2018-02-20 10:23:51.653505
m3-252,m3-224,0x0000007a34,2018-02-20 10:23:56.818961
m3-248,m3-212,0x0000007cdd,2018-02-20 10:24:06.917068
m3-240,m3-228,0x0000007dd6,2018-02-20 10:24:10.700524
m3-240,m3-261,0x0000007dd6,2018-02-20 10:24:10.77432
m3-257,m3-244,0x0000007dee,2018-02-20 10:24:11.020546
m3-237,m3-224,0x0000007df6,2018-02-20 10:24:11.187998
m3-220,m3-207,0x0000007e84,2018-02-20 10:24:13.301933
m3-229,m3-224,0x0000007eb9,2018-02-20 10:24:14.104289
m3-229,m3-240,0x0000007eb9,2018-02-20 10:24:14.176417
m3-232,m3-212,0x0000008008,2018-02-20 10:24:19.091938
m3-260,m3-256,0x00000080d1,2018-02-20 10:24:22.211444
m3-260,m3-257,0x00000080d1,2018-02-20 10:24:22.286207
m3-260,m3-265,0x00000080d1,2018-02-20 10:24:22.362501
m3-260,m3-264,0x00000080d1,2018-02-20 10:24:22.437441
m3-229,m3-220,0x0000008203,2018-02-20 10:24:26.603639
m3-261,m3-252,0x000000823c,2018-02-20 10:24:27.482587
m3-256,m3-232,0x0000008378,2018-02-20 10:24:32.299983
m3-264,m3-212,0x0000008378,2018-02-20 10:24:32.300701
m3-236,m3-216,0x00000084d5,2018-02-20 10:24:37.434145
m3-256,m3-264,0x0000008514,2018-02-20 10:24:38.347698
m3-245,m3-244,0x0000008657,2018-02-20 10:24:43.308012
m3-261,m3-265,0x00000089e5,2018-02-20 10:24:56.973211
m3-261,m3-257,0x00000089e5,2018-02-20 10:24:57.062716
m3-261,m3-264,0x00000089e5,2018-02-20 10:24:57.156993
m3-237,m3-233,0x0000008cc7,2018-02-20 10:25:08.009507
m3-237,m3-252,0x0000008cc7,2018-02-20 10:25:08.082374
m3-245,m3-252,0x0000008dcd,2018-02-20 10:25:11.833954
m3-245,m3-249,0x0000008dcd,2018-02-20 10:25:11.909153
m3-253,m3-244,0x0000008f08,2018-02-20 10:25:16.603291
m3-237,m3-229,0x000000912c,2018-02-20 10:25:24.748197
m3-260,m3-264,0x0000009145,2018-02-20 10:25:25.151867
m3-248,m3-228,0x000000918f,2018-02-20 10:25:26.231568
m3-240,m3-228,0x00000091c1,2018-02-20 10:25:27.004431
m3-265,m3-264,0x00000096b6,2018-02-20 10:25:46.084879
m3-233,m3-220,0x00000098eb,2018-02-20 10:25:54.55822
m3-233,m3-225,0x00000098eb,2018-02-20 10:25:54.636135
m3-261,m3-256,0x00000099b9,2018-02-20 10:25:57.547058
m3-257,m3-264,0x0000009c92,2018-02-20 10:26:08.661875
m3-221,m3-209,0x0000009cee,2018-02-20 10:26:09.9334
m3-264,m3-232,0x0000009ea1,2018-02-20 10:26:16.571735
m3-244,m3-220,0x0000009edf,2018-02-20 10:26:17.366175
m3-257,m3-253,0x000000a407,2018-02-20 10:26:37.191486
m3-265,m3-260,0x000000a557,2018-02-20 10:26:42.224103
m3-229,m3-225,0x000000a610,2018-02-20 10:26:44.958813
m3-264,m3-244,0x000000a62f,2018-02-20 10:26:45.340974
m3-233,m3-225,0x000000a673,2018-02-20 10:26:46.363195
m3-260,m3-224,0x000000a6b3,2018-02-20 10:26:47.315941
m3-221,m3-212,0x000000a837,2018-02-20 10:26:53.267694
m3-256,m3-244,0x000000aa0c,2018-02-20 10:27:00.196388
m3-265,m3-256,0x000000acdb,2018-02-20 10:27:10.985227
m3-265,m3-261,0x000000acdb,2018-02-20 10:27:11.058844
m3-236,m3-225,0x000000ae1a,2018-02-20 10:27:15.707778
m3-240,m3-212,0x000000af19,2018-02-20 10:27:19.638015
m3-261,m3-252,0x000000b033,2018-02-20 10:27:23.931479
m3-240,m3-220,0x000000b1a5,2018-02-20 10:27:29.372552
m3-257,m3-252,0x000000b267,2018-02-20 10:27:32.215418
m3-245,m3-249,0x000000b347,2018-02-20 10:27:35.574895
m3-241,m3-212,0x000000b663,2018-02-20 10:27:47.57351
m3-244,m3-212,0x000000b854,2018-02-20 10:27:55.047205
m3-256,m3-257,0x000000b8ea,2018-02-20 10:27:57.201761
m3-237,m3-225,0x000000b93b,2018-02-20 10:27:58.455863
m3-237,m3-224,0x000000b93c,2018-02-20 10:27:58.526107
m3-260,m3-240,0x000000bd6f,2018-02-20 10:28:14.516836
m3-264,m3-240,0x000000be5b,2018-02-20 10:28:18.084009
m3-241,m3-228,0x000000c39e,2018-02-20 10:28:38.252953
m3-257,m3-240,0x000000c416,2018-02-20 10:28:40.118709
m3-216,m3-207,0x000000c74b,2018-02-20 10:28:52.413195
m3-252,m3-240,0x000000ce38,2018-02-20 10:29:18.998949
m3-245,m3-212,0x000000ce95,2018-02-20 10:29:20.379287
m3-257,m3-244,0x000000d0c1,2018-02-20 10:29:28.845423
m3-256,m3-232,0x000000d3ed,2018-02-20 10:29:40.928384
m3-252,m3-253,0x000000d5dc,2018-02-20 10:29:48.263465
m3-261,m3-248,0x000000d681,2018-02-20 10:29:50.891883
m3-249,m3-244,0x000000d7d0,2018-02-20 10:29:55.785304
m3-245,m3-224,0x000000d86c,2018-02-20 10:29:58.105584
m3-261,m3-264,0x000000de2b,2018-02-20 10:30:20.142821
m3-261,m3-260,0x000000dfe0,2018-02-20 10:30:26.642306
m3-252,m3-260,0x000000e044,2018-02-20 10:30:28.152571
m3-245,m3-244,0x000000e759,2018-02-20 10:30:55.285488
m3-265,m3-256,0x000000ee10,2018-02-20 10:31:21.049597
m3-264,m3-212,0x0000010f7d,2018-02-20 10:33:29.370451
m3-264,m3-236,0x0000010ff0,2018-02-20 10:33:31.061875
m3-264,m3-240,0x0000011f0b,2018-02-20 10:34:28.988872
m3-257,m3-256,0x00000122ba,2018-02-20 10:34:43.09132
m3-240,m3-212,0x00000127fa,2018-02-20 10:35:03.282158
m3-264,m3-256,0x0000012876,2018-02-20 10:35:05.172251
m3-260,m3-212,0x0000013c61,2018-02-20 10:36:21.623436
m3-260,m3-240,0x0000013e3e,2018-02-20 10:36:28.716782
m3-244,m3-220,0x000001662a,2018-02-20 10:39:01.856074
m3-245,m3-212,0x00000173ab,2018-02-20 10:39:53.621478
m3-264,m3-212,0x000001775d,2018-02-20 10:40:07.788845
m3-244,m3-212,0x0000017b3c,2018-02-20 10:40:22.558857
m3-249,m3-240,0x0000018d52,2018-02-20 10:41:32.04112
m3-248,m3-212,0x0000019b06,2018-02-20 10:42:24.634403
m3-240,m3-220,0x0000019c17,2018-02-20 10:42:28.722842
m3-264,m3-232,0x000001a3ac,2018-02-20 10:42:57.750885
m3-248,m3-232,0x000001ad04,2018-02-20 10:43:33.534814
m3-241,m3-212,0x000001b31f,2018-02-20 10:43:56.998761
m3-240,m3-212,0x000001e6e9,2018-02-20 10:47:15.687421
m3-240,m3-216,0x000001f2f6,2018-02-20 10:48:01.94142
m3-241,m3-245,0x000001ff99,2018-02-20 10:48:50.276665
m3-252,m3-228,0x0000023fa0,2018-02-20 10:52:55.968935
m3-228,m3-212,0x000002a2ee,2018-02-20 10:59:17.03746
m3-237,m3-212,0x000002d081,2018-02-20 11:02:11.694973
m3-261,m3-240,0x000002d6a0,2018-02-20 11:02:35.17651
m3-261,m3-264,0x000002fe1a,2018-02-20 11:05:06.523708
m3-237,m3-232,0x00000309f1,2018-02-20 11:05:52.132277
m3-256,m3-252,0x0000034d5d,2018-02-20 11:10:10.633051
m3-240,m3-212,0x000004357f,2018-02-20 11:25:01.043183
m3-225,m3-217,0x000004624b,2018-02-20 11:27:52.885088
m3-252,m3-212,0x00000468e6,2018-02-20 11:28:18.220075
m3-233,m3-212,0x0000046c66,2018-02-20 11:28:31.663697
m3-248,m3-220,0x0000046f69,2018-02-20 11:28:43.192748
m3-217,m3-207,0x0000047208,2018-02-20 11:28:53.401636
m3-256,m3-240,0x0000047f58,2018-02-20 11:29:44.31707
m3-248,m3-245,0x00000484d1,2018-02-20 11:30:05.444198
m3-252,m3-228,0x00000488f5,2018-02-20 11:30:21.272226
m3-252,m3-245,0x0000049098,2018-02-20 11:30:50.49878
m3-252,m3-240,0x0000049098,2018-02-20 11:30:50.579329
m3-245,m3-228,0x00000496aa,2018-02-20 11:31:13.775122
m3-252,m3-260,0x000004a0de,2018-02-20 11:31:52.846157
m3-240,m3-220,0x000004a588,2018-02-20 11:32:10.940382
m3-232,m3-220,0x000004a921,2018-02-20 11:32:24.725636
m3-244,m3-216,0x000004aa7d,2018-02-20 11:32:29.808401
m3-228,m3-216,0x000004ab12,2018-02-20 11:32:32.031934
m3-241,m3-212,0x000004ae15,2018-02-20 11:32:43.588943
m3-248,m3-216,0x000004b020,2018-02-20 11:32:51.485291
m3-221,m3-217,0x000004b09c,2018-02-20 11:32:53.294187
m3-245,m3-237,0x000004b16d,2018-02-20 11:32:56.368965
m3-241,m3-228,0x000004b3bf,2018-02-20 11:33:05.231384
m3-212,m3-209,0x000004b6ca,2018-02-20 11:33:16.981413
m3-212,m3-232,0x000004b6ca,2018-02-20 11:33:17.062869
m3-233,m3-228,0x000004b80e,2018-02-20 11:33:21.774307
m3-240,m3-224,0x000004bb33,2018-02-20 11:33:33.923797
m3-233,m3-245,0x000004bfb3,2018-02-20 11:33:51.264363
m3-233,m3-236,0x000004bfb3,2018-02-20 11:33:51.371931
m3-233,m3-248,0x000004bfb3,2018-02-20 11:33:51.448018
m3-220,m3-209,0x000004c121,2018-02-20 11:33:56.663806
m3-248,m3-264,0x000004c21a,2018-02-20 11:34:00.368989
m3-248,m3-249,0x000004c21b,2018-02-20 11:34:00.46118
m3-237,m3-216,0x000004c2c8,2018-02-20 11:34:02.984769
m3-264,m3-260,0x000004c487,2018-02-20 11:34:09.702964
m3-233,m3-228,0x000004c692,2018-02-20 11:34:17.472607
m3-248,m3-241,0x000004c9c4,2018-02-20 11:34:29.865933
m3-216,m3-209,0x000004ca11,2018-02-20 11:34:30.938225
m3-224,m3-216,0x000004ca8e,2018-02-20 11:34:32.841505
m3-245,m3-224,0x000004cb6d,2018-02-20 11:34:36.175973
m3-232,m3-228,0x000004cb8b,2018-02-20 11:34:36.569728
m3-240,m3-225,0x000004cdab,2018-02-20 11:34:44.747525
m3-212,m3-228,0x000004d062,2018-02-20 11:34:55.114883
m3-256,m3-224,0x000004d637,2018-02-20 11:35:17.818885
m3-245,m3-228,0x000004d6bd,2018-02-20 11:35:19.48679
m3-260,m3-244,0x000004d908,2018-02-20 11:35:28.421635
m3-248,m3-256,0x000004db5d,2018-02-20 11:35:37.189179
m3-237,m3-225,0x000004dcb3,2018-02-20 11:35:42.31065
m3-264,m3-244,0x000004dfbc,2018-02-20 11:35:54.032639
m3-240,m3-244,0x000004e2d0,2018-02-20 11:36:05.762638
m3-245,m3-244,0x000004e5a9,2018-02-20 11:36:16.727922
m3-245,m3-236,0x000004e5a9,2018-02-20 11:36:16.805565
m3-245,m3-241,0x000004e5a9,2018-02-20 11:36:16.884121
m3-248,m3-228,0x000004f121,2018-02-20 11:37:00.811925
m3-257,m3-260,0x000004f504,2018-02-20 11:37:15.722216
m3-216,m3-217,0x000004f599,2018-02-20 11:37:17.901236
m3-256,m3-244,0x000004f7ac,2018-02-20 11:37:25.838646
m3-212,m3-207,0x000004fb87,2018-02-20 11:37:40.695844
m3-249,m3-228,0x000004fbd1,2018-02-20 11:37:41.770504
m3-216,m3-220,0x000004fd78,2018-02-20 11:37:48.110553
m3-265,m3-260,0x000004fda8,2018-02-20 11:37:48.835452
m3-256,m3-253,0x000004ff11,2018-02-20 11:37:54.358514
m3-256,m3-264,0x000004ff11,2018-02-20 11:37:54.447665
m3-256,m3-265,0x000004ff11,2018-02-20 11:37:54.515501
m3-249,m3-236,0x000004ff6c,2018-02-20 11:37:55.505998
m3-248,m3-244,0x000004ff64,2018-02-20 11:37:55.537939
m3-244,m3-220,0x000005018d,2018-02-20 11:38:03.762158
m3-228,m3-217,0x0000050209,2018-02-20 11:38:05.621033
m3-256,m3-245,0x0000050286,2018-02-20 11:38:07.439013
m3-265,m3-264,0x000005052c,2018-02-20 11:38:17.609454
m3-265,m3-261,0x000005052d,2018-02-20 11:38:17.685513
m3-264,m3-212,0x00000506e5,2018-02-20 11:38:24.250767
m3-216,m3-209,0x0000050e79,2018-02-20 11:38:53.329453
m3-252,m3-236,0x0000050ec4,2018-02-20 11:38:54.438035
m3-265,m3-257,0x0000051435,2018-02-20 11:39:15.259609
m3-253,m3-252,0x00000515df,2018-02-20 11:39:21.622934
m3-249,m3-240,0x0000051667,2018-02-20 11:39:23.683262
m3-249,m3-244,0x0000051668,2018-02-20 11:39:23.76673
m3-240,m3-236,0x000005169f,2018-02-20 11:39:24.490689
m3-232,m3-217,0x000005187b,2018-02-20 11:39:31.707074
m3-241,m3-229,0x00000519d8,2018-02-20 11:39:36.964586
m3-264,m3-232,0x0000051ad3,2018-02-20 11:39:40.785641
m3-241,m3-236,0x0000051d12,2018-02-20 11:39:49.443459
m3-261,m3-257,0x0000051e09,2018-02-20 11:39:53.024614
m3-228,m3-220,0x0000051e03,2018-02-20 11:39:53.056257
m3-240,m3-212,0x0000051e05,2018-02-20 11:39:53.070066
m3-228,m3-225,0x0000051e04,2018-02-20 11:39:53.125807
m3-264,m3-245,0x0000052261,2018-02-20 11:40:09.598253
m3-213,m3-207,0x00000523da,2018-02-20 11:40:15.327537
m3-256,m3-232,0x0000052409,2018-02-20 11:40:16.098194
m3-241,m3-233,0x0000052498,2018-02-20 11:40:18.228291
m3-249,m3-248,0x00000525ba,2018-02-20 11:40:22.518871
m3-261,m3-256,0x00000525b2,2018-02-20 11:40:22.524519
m3-240,m3-237,0x0000052679,2018-02-20 11:40:25.317612
m3-257,m3-252,0x0000052759,2018-02-20 11:40:28.804379
m3-245,m3-237,0x0000052884,2018-02-20 11:40:33.250626
m3-261,m3-264,0x00000529f9,2018-02-20 11:40:38.741951
m3-256,m3-244,0x0000052b6d,2018-02-20 11:40:44.349927
m3-241,m3-232,0x0000052c1e,2018-02-20 11:40:46.991566
m3-241,m3-249,0x0000052c1e,2018-02-20 11:40:47.106259
m3-241,m3-252,0x0000052c1e,2018-02-20 11:40:47.206681
m3-241,m3-245,0x0000052c1e,2018-02-20 11:40:47.278327
m3-256,m3-224,0x0000052cb1,2018-02-20 11:40:49.18953
m3-233,m3-212,0x0000052cb1,2018-02-20 11:40:49.262114
m3-260,m3-237,0x0000052df9,2018-02-20 11:40:54.157187
m3-264,m3-212,0x00000530df,2018-02-20 11:41:05.260938
m3-248,m3-237,0x0000053505,2018-02-20 11:41:21.292423
m3-260,m3-264,0x000005358d,2018-02-20 11:41:23.136272
m3-224,m3-209,0x00000538a1,2018-02-20 11:41:35.1548
m3-224,m3-217,0x00000538a2,2018-02-20 11:41:35.255949
m3-237,m3-216,0x0000053b45,2018-02-20 11:41:45.21087
m3-248,m3-253,0x0000053cae,2018-02-20 11:41:50.496843
m3-244,m3-212,0x0000053e7b,2018-02-20 11:41:57.5578
m3-244,m3-232,0x0000053e7b,2018-02-20 11:41:57.685433
m3-224,m3-212,0x0000054045,2018-02-20 11:42:04.400196
m3-256,m3-264,0x000005419c,2018-02-20 11:42:09.459042
m3-249,m3-236,0x00000542c0,2018-02-20 11:42:13.803289
m3-241,m3-236,0x00000542c0,2018-02-20 11:42:13.869472
m3-237,m3-236,0x0000054435,2018-02-20 11:42:19.473109
m3-244,m3-224,0x0000054611,2018-02-20 11:42:26.750137
m3-244,m3-228,0x0000054611,2018-02-20 11:42:26.871716
m3-233,m3-220,0x0000054952,2018-02-20 11:42:39.155463
m3-244,m3-253,0x0000054f49,2018-02-20 11:43:01.870367
m3-264,m3-245,0x0000054fb4,2018-02-20 11:43:03.701008
m3-240,m3-212,0x0000054fde,2018-02-20 11:43:04.159023
m3-233,m3-236,0x00000550f8,2018-02-20 11:43:08.427991
m3-232,m3-212,0x000005531a,2018-02-20 11:43:16.563084
m3-232,m3-216,0x000005531a,2018-02-20 11:43:16.639142
m3-260,m3-228,0x0000055456,2018-02-20 11:43:21.350283
m3-236,m3-212,0x000005586b,2018-02-20 11:43:36.957568
m3-264,m3-252,0x0000055e40,2018-02-20 11:43:59.272339
m3-233,m3-225,0x0000056042,2018-02-20 11:44:07.146037
m3-261,m3-260,0x00000562fc,2018-02-20 11:44:17.457205
m3-225,m3-212,0x000005650d,2018-02-20 11:44:25.431935
m3-252,m3-212,0x000005685b,2018-02-20 11:44:38.104467
m3-261,m3-256,0x0000056aa5,2018-02-20 11:44:46.946538
m3-261,m3-248,0x0000056aa5,2018-02-20 11:44:47.022172
m3-256,m3-236,0x0000056d1d,2018-02-20 11:44:56.381473
m3-252,m3-236,0x0000056e18,2018-02-20 11:45:00.145089
m3-237,m3-216,0x0000056ec4,2018-02-20 11:45:02.728324
m3-249,m3-240,0x000005706b,2018-02-20 11:45:09.025999
m3-252,m3-228,0x00000570b6,2018-02-20 11:45:10.271758
m3-260,m3-252,0x000005722b,2018-02-20 11:45:15.723467
m3-261,m3-256,0x0000057355,2018-02-20 11:45:20.11461
m3-253,m3-241,0x00000574b2,2018-02-20 11:45:25.526583
m3-264,m3-240,0x0000057751,2018-02-20 11:45:35.496543
m3-257,m3-253,0x0000057751,2018-02-20 11:45:35.506615
m3-233,m3-216,0x00000577b5,2018-02-20 11:45:36.922146
m3-260,m3-257,0x00000579be,2018-02-20 11:45:44.729558
m3-260,m3-256,0x00000579be,2018-02-20 11:45:44.805721
m3-260,m3-264,0x00000579be,2018-02-20 11:45:44.881709
m3-260,m3-248,0x0000057a54,2018-02-20 11:45:46.953447
m3-244,m3-212,0x0000057d89,2018-02-20 11:45:59.377845
m3-241,m3-228,0x0000057ee0,2018-02-20 11:46:04.645291
m3-241,m3-240,0x0000057ee0,2018-02-20 11:46:04.716788
m3-237,m3-224,0x0000057fb2,2018-02-20 11:46:07.760325
m3-264,m3-232,0x0000058494,2018-02-20 11:46:26.345663
m3-241,m3-232,0x0000058666,2018-02-20 11:46:33.420235
m3-241,m3-249,0x0000058666,2018-02-20 11:46:33.524106
m3-237,m3-220,0x000005871a,2018-02-20 11:46:35.956272
m3-253,m3-244,0x0000058769,2018-02-20 11:46:37.238808
m3-248,m3-216,0x0000058996,2018-02-20 11:46:45.563542
m3-237,m3-232,0x0000058e83,2018-02-20 11:47:04.627158
m3-236,m3-224,0x0000058f04,2018-02-20 11:47:06.307242
m3-245,m3-240,0x0000059149,2018-02-20 11:47:15.097717
m3-261,m3-252,0x000005923c,2018-02-20 11:47:18.727109
m3-236,m3-212,0x0000059696,2018-02-20 11:47:35.348111
m3-260,m3-232,0x0000059922,2018-02-20 11:47:45.239429
m3-256,m3-232,0x0000059a54,2018-02-20 11:47:49.705285
m3-248,m3-240,0x000005a046,2018-02-20 11:48:12.579951
m3-232,m3-212,0x000005a28f,2018-02-20 11:48:21.392885
m3-244,m3-216,0x000005a3b9,2018-02-20 11:48:25.83598
m3-257,m3-240,0x000005a436,2018-02-20 11:48:27.724961
m3-241,m3-249,0x000005a659,2018-02-20 11:48:35.837495
m3-260,m3-240,0x000005aec8,2018-02-20 11:49:08.288448
m3-253,m3-240,0x000005b345,2018-02-20 11:49:25.444433
m3-233,m3-220,0x000005b8e8,2018-02-20 11:49:47.084752
m3-261,m3-260,0x000005b91a,2018-02-20 11:49:47.776915
m3-233,m3-225,0x000005bc02,2018-02-20 11:49:59.093552
m3-240,m3-216,0x000005c66a,2018-02-20 11:50:39.036332
m3-249,m3-236,0x000005d1af,2018-02-20 11:51:22.112092
m3-257,m3-253,0x000005d2a8,2018-02-20 11:51:25.848193
m3-236,m3-216,0x000005d323,2018-02-20 11:51:27.790503
m3-236,m3-224,0x000005d324,2018-02-20 11:51:27.866628
m3-261,m3-240,0x000005d672,2018-02-20 11:51:40.411935
m3-253,m3-244,0x000005daab,2018-02-20 11:51:56.563195
m3-236,m3-240,0x000005dab5,2018-02-20 11:51:56.798879
m3-236,m3-241,0x000005dab5,2018-02-20 11:51:56.874666
m3-245,m3-212,0x000005daea,2018-02-20 11:51:57.515213
m3-236,m3-225,0x000005dd58,2018-02-20 11:52:06.813027
m3-249,m3-232,0x000005dd98,2018-02-20 11:52:07.847249
m3-261,m3-252,0x000005dd90,2018-02-20 11:52:07.854596
m3-249,m3-252,0x000005dd98,2018-02-20 11:52:07.927094
m3-265,m3-252,0x000005dfdf,2018-02-20 11:52:16.527226
m3-257,m3-264,0x000005e1e2,2018-02-20 11:52:24.25224
m3-253,m3-252,0x000005e425,2018-02-20 11:52:32.863307
m3-265,m3-256,0x000005e6a5,2018-02-20 11:52:42.438562
m3-241,m3-232,0x000005e89e,2018-02-20 11:52:50.090337
m3-249,m3-241,0x000005ecea,2018-02-20 11:53:06.567654
m3-249,m3-244,0x000005ecea,2018-02-20 11:53:06.642755
m3-260,m3-228,0x000005ed48,2018-02-20 11:53:08.001878
m3-240,m3-232,0x000005f4a8,2018-02-20 11:53:36.183083
m3-249,m3-248,0x00000606d6,2018-02-20 11:54:45.932059
m3-248,m3-212,0x0000060819,2018-02-20 11:54:50.8366
m3-248,m3-240,0x0000061ada,2018-02-20 11:56:02.854344
m3-248,m3-216,0x0000061f08,2018-02-20 11:56:18.7365
m3-248,m3-240,0x0000062283,2018-02-20 11:56:32.084879
m3-260,m3-245,0x0000062f98,2018-02-20 11:57:22.286045
m3-252,m3-212,0x0000069561,2018-02-20 12:03:52.778783
m3-252,m3-216,0x000006aee3,2018-02-20 12:05:30.71762
m3-261,m3-264,0x000006b001,2018-02-20 12:05:34.897494
m3-253,m3-245,0x000006cce2,2018-02-20 12:07:25.809309
m3-253,m3-244,0x000006cce2,2018-02-20 12:07:25.902042
m3-252,m3-224,0x000006cd70,2018-02-20 12:07:27.711852
m3-260,m3-212,0x00000748f2,2018-02-20 12:15:21.54021
m3-260,m3-256,0x0000074f86,2018-02-20 12:15:46.717038
m3-248,m3-212,0x0000076619,2018-02-20 12:17:13.377444
m3-248,m3-216,0x0000076bef,2018-02-20 12:17:35.678626
m3-248,m3-240,0x00000782eb,2018-02-20 12:19:03.841619
m3-232,m3-217,0x0000097edb,2018-02-20 12:51:32.300883
m3-232,m3-213,0x0000098e36,2018-02-20 12:52:31.207673
m3-217,m3-212,0x00000994b7,2018-02-20 12:52:56.138125
m3-264,m3-212,0x00000999f6,2018-02-20 12:53:16.255389
m3-240,m3-212,0x0000099a8c,2018-02-20 12:53:18.507433
m3-256,m3-244,0x0000099b6c,2018-02-20 12:53:21.901323
m3-232,m3-212,0x000009a625,2018-02-20 12:54:03.058012
m3-237,m3-212,0x000009a6ca,2018-02-20 12:54:05.465726
m3-264,m3-245,0x000009b53d,2018-02-20 12:55:00.833204
m3-264,m3-236,0x000009b53d,2018-02-20 12:55:00.908218
m3-212,m3-213,0x000009bc75,2018-02-20 12:55:28.578517
m3-261,m3-260,0x000009c17f,2018-02-20 12:55:47.815762
m3-237,m3-240,0x000009c835,2018-02-20 12:56:13.564593
m3-261,m3-257,0x000009c929,2018-02-20 12:56:17.250708
m3-212,m3-209,0x000009ca8c,2018-02-20 12:56:22.697366
m3-213,m3-209,0x000009d906,2018-02-20 12:57:18.194647
m3-257,m3-252,0x000009eace,2018-02-20 12:58:26.325474
m3-212,m3-207,0x000009f3d9,2018-02-20 12:59:01.010249
m3-216,m3-220,0x000009f6a9,2018-02-20 12:59:11.96147
m3-252,m3-216,0x000009f6f4,2018-02-20 12:59:12.99708
m3-252,m3-232,0x000009f70e,2018-02-20 12:59:13.270919
m3-220,m3-232,0x00000a045d,2018-02-20 13:00:04.375796
m3-220,m3-224,0x00000a058a,2018-02-20 13:00:08.823998
m3-213,m3-207,0x00000a0b5c,2018-02-20 13:00:31.219106
m3-248,m3-220,0x00000a11f7,2018-02-20 13:00:56.560558
m3-248,m3-224,0x00000a15c4,2018-02-20 13:01:11.143647
m3-244,m3-212,0x00000a1705,2018-02-20 13:01:15.992099
m3-216,m3-209,0x00000a18dd,2018-02-20 13:01:23.080911
m3-249,m3-245,0x00000a270d,2018-02-20 13:02:17.501801
m3-264,m3-232,0x00000a2eba,2018-02-20 13:02:46.905319
m3-252,m3-240,0x00000a34a7,2018-02-20 13:03:09.60055
m3-256,m3-236,0x00000a3c0a,2018-02-20 13:03:37.958111
m3-252,m3-245,0x00000a3d34,2018-02-20 13:03:42.429671
m3-244,m3-224,0x00000a47dd,2018-02-20 13:04:23.253971
m3-256,m3-240,0x00000a4812,2018-02-20 13:04:24.216385
m3-244,m3-245,0x00000a4f72,2018-02-20 13:04:52.506612
m3-248,m3-228,0x00000a5219,2018-02-20 13:05:02.559383
m3-224,m3-213,0x00000a562d,2018-02-20 13:05:18.257779
m3-253,m3-257,0x00000a565f,2018-02-20 13:05:18.952382
m3-244,m3-237,0x00000a5708,2018-02-20 13:05:21.515423
m3-244,m3-260,0x00000a5708,2018-02-20 13:05:21.595504
m3-244,m3-261,0x00000a645d,2018-02-20 13:06:12.544484
m3-252,m3-216,0x00000a706a,2018-02-20 13:06:59.041373
m3-260,m3-240,0x00000a70b4,2018-02-20 13:06:59.986162
m3-265,m3-264,0x00000a744d,2018-02-20 13:07:13.794164
m3-257,m3-264,0x00000a7e80,2018-02-20 13:07:52.921196
m3-252,m3-240,0x00000a808a,2018-02-20 13:08:00.697356
m3-244,m3-212,0x00000a8200,2018-02-20 13:08:06.306809
m3-256,m3-264,0x00000a8338,2018-02-20 13:08:11.086997
m3-240,m3-216,0x00000acd03,2018-02-20 13:12:54.080974
m3-232,m3-216,0x00000acd9a,2018-02-20 13:12:56.317935
m3-264,m3-212,0x00000ad5c2,2018-02-20 13:13:27.596053
m3-240,m3-212,0x00000adecd,2018-02-20 13:14:02.289145
m3-264,m3-245,0x00000ae364,2018-02-20 13:14:19.990298
m3-257,m3-265,0x00000ae40b,2018-02-20 13:14:22.38577
m3-241,m3-212,0x00000ae567,2018-02-20 13:14:27.642512
m3-256,m3-240,0x00000ae692,2018-02-20 13:14:32.16824
m3-257,m3-236,0x00000ae931,2018-02-20 13:14:42.145215
m3-253,m3-244,0x00000af6cc,2018-02-20 13:15:34.31798
m3-257,m3-248,0x00000afa77,2018-02-20 13:15:48.455218
m3-212,m3-209,0x00000afd1d,2018-02-20 13:15:58.775974
m3-261,m3-260,0x00000b0195,2018-02-20 13:16:15.712632
m3-241,m3-245,0x00000b0543,2018-02-20 13:16:29.900069
m3-217,m3-207,0x00000b0782,2018-02-20 13:16:38.416154
m3-233,m3-216,0x00000b2110,2018-02-20 13:18:16.446678
m3-260,m3-228,0x00000b3100,2018-02-20 13:19:17.560257
m3-252,m3-216,0x00000b3403,2018-02-20 13:19:29.14855
m3-252,m3-240,0x00000b3f7c,2018-02-20 13:20:13.105001
m3-228,m3-213,0x00000b4028,2018-02-20 13:20:15.748199
m3-256,m3-232,0x00000b45cb,2018-02-20 13:20:37.327023
m3-237,m3-224,0x00000b4647,2018-02-20 13:20:39.182586
m3-264,m3-232,0x00000b48ce,2018-02-20 13:20:48.91838
m3-252,m3-232,0x00000b48ce,2018-02-20 13:20:48.933043
m3-260,m3-232,0x00000b4f1f,2018-02-20 13:21:13.100139
m3-248,m3-232,0x00000b526d,2018-02-20 13:21:25.865028
m3-249,m3-232,0x00000b54a9,2018-02-20 13:21:34.459939
m3-241,m3-232,0x00000b553e,2018-02-20 13:21:36.612714
m3-228,m3-212,0x00000b577a,2018-02-20 13:21:45.163345
m3-264,m3-245,0x00000b5793,2018-02-20 13:21:45.547042
m3-240,m3-253,0x00000b5d36,2018-02-20 13:22:07.11052
m3-260,m3-236,0x00000b5d91,2018-02-20 13:22:08.44526
m3-245,m3-224,0x00000b5e3f,2018-02-20 13:22:11.046022
m3-232,m3-217,0x00000b62c0,2018-02-20 13:22:28.517607
m3-249,m3-245,0x00000b66e2,2018-02-20 13:22:44.177804
m3-265,m3-256,0x00000b6738,2018-02-20 13:22:45.556883
m3-260,m3-232,0x00000b6cb8,2018-02-20 13:23:06.562764
m3-249,m3-244,0x00000b6e8c,2018-02-20 13:23:13.618679
m3-261,m3-232,0x00000b6efe,2018-02-20 13:23:15.373709
m3-241,m3-212,0x00000b727e,2018-02-20 13:23:28.80181
m3-264,m3-232,0x00000b72eb,2018-02-20 13:23:30.410612
m3-248,m3-236,0x00000b7345,2018-02-20 13:23:31.810127
m3-245,m3-248,0x00000b74a2,2018-02-20 13:23:37.172357
m3-256,m3-224,0x00000b7504,2018-02-20 13:23:38.469701
m3-232,m3-212,0x00000b7910,2018-02-20 13:23:54.154499
m3-264,m3-256,0x00000b7a78,2018-02-20 13:23:59.425407
m3-264,m3-253,0x00000b7a78,2018-02-20 13:23:59.51461
m3-245,m3-236,0x00000b7d15,2018-02-20 13:24:09.341411
m3-249,m3-257,0x00000b7dde,2018-02-20 13:24:12.351481
m3-249,m3-253,0x00000b7dde,2018-02-20 13:24:12.413318
m3-232,m3-225,0x00000b8098,2018-02-20 13:24:22.908896
m3-232,m3-256,0x00000b8098,2018-02-20 13:24:22.983642
m3-241,m3-233,0x00000b8143,2018-02-20 13:24:25.469203
m3-264,m3-256,0x00000b820a,2018-02-20 13:24:28.411607
m3-252,m3-224,0x00000b820a,2018-02-20 13:24:28.542581
m3-260,m3-256,0x00000b8374,2018-02-20 13:24:33.933375
m3-261,m3-256,0x00000b8580,2018-02-20 13:24:41.620496
m3-240,m3-212,0x00000b8915,2018-02-20 13:24:55.404287
m3-260,m3-248,0x00000b8b07,2018-02-20 13:25:02.942092
m3-236,m3-216,0x00000b9084,2018-02-20 13:25:23.957595
m3-260,m3-265,0x00000b90cf,2018-02-20 13:25:25.007448
m3-264,m3-244,0x00000b9943,2018-02-20 13:25:57.491201
m3-252,m3-236,0x00000b9b24,2018-02-20 13:26:04.791121
m3-256,m3-244,0x00000b9c2c,2018-02-20 13:26:08.616458
m3-265,m3-261,0x00000ba7b7,2018-02-20 13:26:53.003415
m3-261,m3-240,0x00000ba9af,2018-02-20 13:27:00.562578
m3-252,m3-249,0x00000baeee,2018-02-20 13:27:20.554427
m3-260,m3-236,0x00000bb0ea,2018-02-20 13:27:28.221158
m3-261,m3-248,0x00000bb377,2018-02-20 13:27:38.100004
m3-236,m3-212,0x00000bb558,2018-02-20 13:27:45.209633
m3-236,m3-224,0x00000bb569,2018-02-20 13:27:45.485994
m3-240,m3-224,0x00000bb57d,2018-02-20 13:27:45.693732
m3-260,m3-228,0x00000bb87d,2018-02-20 13:27:57.208792
m3-261,m3-264,0x00000bc2c9,2018-02-20 13:28:36.79494
m3-233,m3-237,0x00000bc592,2018-02-20 13:28:47.466158
m3-265,m3-261,0x00000bcab8,2018-02-20 13:29:07.1547
m3-248,m3-237,0x00000bcbfb,2018-02-20 13:29:12.179761
m3-256,m3-224,0x00000bd67a,2018-02-20 13:29:52.324138
m3-264,m3-224,0x00000bd932,2018-02-20 13:30:02.734909
m3-253,m3-256,0x00000bda8f,2018-02-20 13:30:07.98545
m3-252,m3-224,0x00000bdbeb,2018-02-20 13:30:13.183442
m3-244,m3-216,0x00000be16e,2018-02-20 13:30:34.240995
m3-244,m3-228,0x00000be16e,2018-02-20 13:30:34.315368
m3-240,m3-216,0x00000be1e6,2018-02-20 13:30:36.173275
m3-240,m3-245,0x00000be1e6,2018-02-20 13:30:36.241803
m3-261,m3-252,0x00000be335,2018-02-20 13:30:41.205358
m3-257,m3-264,0x00000be88d,2018-02-20 13:31:01.658498
m3-248,m3-224,0x00000be916,2018-02-20 13:31:03.807808
m3-248,m3-260,0x00000be917,2018-02-20 13:31:03.882386
m3-265,m3-264,0x00000bea65,2018-02-20 13:31:08.725127
m3-248,m3-249,0x00000bea97,2018-02-20 13:31:09.399354
m3-264,m3-256,0x00000bebc8,2018-02-20 13:31:14.079976
m3-249,m3-228,0x00000bec0c,2018-02-20 13:31:15.048098
m3-257,m3-260,0x00000bf079,2018-02-20 13:31:31.957315
m3-256,m3-260,0x00000bf25d,2018-02-20 13:31:39.274315
m3-265,m3-260,0x00000bf2df,2018-02-20 13:31:41.150813
m3-264,m3-257,0x00000bf356,2018-02-20 13:31:43.073453
m3-264,m3-253,0x00000bf356,2018-02-20 13:31:43.195836
m3-264,m3-260,0x00000bf356,2018-02-20 13:31:43.256283
m3-264,m3-244,0x00000c0345,2018-02-20 13:32:44.071685
m3-249,m3-236,0x00000c07c4,2018-02-20 13:33:01.313427
m3-256,m3-245,0x00000c1000,2018-02-20 13:33:32.98827
m3-248,m3-216,0x00000c120a,2018-02-20 13:33:40.777433
m3-257,m3-252,0x00000c1415,2018-02-20 13:33:48.557474
m3-232,m3-213,0x00000c1478,2018-02-20 13:33:50.11748
m3-256,m3-252,0x00000c19dc,2018-02-20 13:34:10.699378
m3-260,m3-245,0x00000c1afd,2018-02-20 13:34:15.031013
m3-260,m3-236,0x00000c1afe,2018-02-20 13:34:15.106741
m3-261,m3-252,0x00000c1b77,2018-02-20 13:34:16.867013
m3-249,m3-252,0x00000c1ec0,2018-02-20 13:34:29.453625
m3-265,m3-252,0x00000c1ff7,2018-02-20 13:34:34.237737
m3-244,m3-224,0x00000c260f,2018-02-20 13:34:57.678369
m3-261,m3-232,0x00000c287c,2018-02-20 13:35:06.873809
m3-232,m3-212,0x00000c29d9,2018-02-20 13:35:12.107117
m3-244,m3-216,0x00000c2d47,2018-02-20 13:35:25.317353
m3-261,m3-252,0x00000c35b4,2018-02-20 13:35:57.672898
m3-264,m3-224,0x00000c3901,2018-02-20 13:36:10.306731
m3-244,m3-232,0x00000c3c72,2018-02-20 13:36:23.543045
m3-261,m3-232,0x00000c4380,2018-02-20 13:36:50.675226
m3-244,m3-240,0x00000c4399,2018-02-20 13:36:50.815922
m3-264,m3-212,0x00000c466e,2018-02-20 13:37:01.659119
m3-213,m3-209,0x00000c49d1,2018-02-20 13:37:15.025065
m3-248,m3-212,0x00000c4cae,2018-02-20 13:37:25.648943
m3-248,m3-220,0x00000c4cae,2018-02-20 13:37:25.768732
m3-208,m3-207,0x00000c4d9b,2018-02-20 13:37:29.281585
m3-213,m3-207,0x00000c4ede,2018-02-20 13:37:34.268496
m3-265,m3-260,0x00000c4f8c,2018-02-20 13:37:36.672822
m3-261,m3-264,0x00000c5459,2018-02-20 13:37:55.150908
m3-261,m3-260,0x00000c5c02,2018-02-20 13:38:24.64369
m3-248,m3-232,0x00000c5c01,2018-02-20 13:38:24.806644
m3-213,m3-209,0x00000c5d58,2018-02-20 13:38:29.911423
m3-249,m3-232,0x00000c6965,2018-02-20 13:39:15.93576
m3-261,m3-253,0x00000c6e8b,2018-02-20 13:39:35.538657
m3-213,m3-207,0x00000c75bc,2018-02-20 13:40:03.471316
m3-249,m3-264,0x00000c8257,2018-02-20 13:40:51.594124
m3-249,m3-245,0x00000c8258,2018-02-20 13:40:51.745815
m3-264,m3-236,0x00000c82dc,2018-02-20 13:40:53.459941
m3-240,m3-212,0x00000c8516,2018-02-20 13:41:02.061923
m3-248,m3-228,0x00000c8673,2018-02-20 13:41:07.299696
m3-213,m3-217,0x00000c8721,2018-02-20 13:41:09.944594
m3-264,m3-252,0x00000c8a6a,2018-02-20 13:41:22.552488
m3-264,m3-232,0x00000c8d8a,2018-02-20 13:41:34.471579
m3-224,m3-217,0x00000c93ab,2018-02-20 13:41:58.070216
m3-220,m3-207,0x00000c9489,2018-02-20 13:42:01.343213
m3-249,m3-237,0x00000c94ed,2018-02-20 13:42:02.791016
m3-261,m3-232,0x00000c9e28,2018-02-20 13:42:38.244102
m3-260,m3-228,0x00000ca460,2018-02-20 13:43:02.093388
m3-249,m3-236,0x00000ca6e7,2018-02-20 13:43:11.837243
m3-256,m3-248,0x00000cab91,2018-02-20 13:43:29.676406
m3-257,m3-248,0x00000cb24c,2018-02-20 13:43:55.465131
m3-245,m3-228,0x00000cb833,2018-02-20 13:44:18.19503
m3-224,m3-209,0x00000cb9a8,2018-02-20 13:44:23.795615
m3-253,m3-248,0x00000cba0b,2018-02-20 13:44:25.263133
m3-260,m3-232,0x00000cba1b,2018-02-20 13:44:25.453611
m3-256,m3-228,0x00000cbc84,2018-02-20 13:44:34.872138
m3-224,m3-212,0x00000cbd60,2018-02-20 13:44:37.977199
m3-265,m3-261,0x00000cbeb5,2018-02-20 13:44:43.062761
m3-249,m3-240,0x00000cbfa1,2018-02-20 13:44:46.557356
m3-260,m3-236,0x00000cc1af,2018-02-20 13:44:54.51965
m3-256,m3-264,0x00000cc3e9,2018-02-20 13:45:02.981896
m3-228,m3-217,0x00000ccb3e,2018-02-20 13:45:31.205645
m3-236,m3-228,0x00000cd50a,2018-02-20 13:46:08.760016
m3-252,m3-264,0x00000cd700,2018-02-20 13:46:16.291434
m3-260,m3-228,0x00000cd86a,2018-02-20 13:46:21.703576
m3-260,m3-264,0x00000cdffe,2018-02-20 13:46:50.714529
m3-228,m3-212,0x00000ce4cc,2018-02-20 13:47:09.329914
m3-212,m3-207,0x00000cf75b,2018-02-20 13:48:20.420553
m3-241,m3-216,0x00000d0461,2018-02-20 13:49:10.343193
m3-233,m3-216,0x00000d069d,2018-02-20 13:49:18.927061
m3-240,m3-220,0x00000d11fb,2018-02-20 13:50:02.531791
m3-241,m3-228,0x00000d13e5,2018-02-20 13:50:09.987697
m3-224,m3-217,0x00000d1a6f,2018-02-20 13:50:34.961531
m3-233,m3-240,0x00000d1c84,2018-02-20 13:50:43.038717
m3-244,m3-216,0x00000d1f32,2018-02-20 13:50:53.259333
m3-240,m3-232,0x00000d278c,2018-02-20 13:51:25.21634
m3-261,m3-264,0x00000d27d8,2018-02-20 13:51:26.391206
m3-264,m3-228,0x00000d3528,2018-02-20 13:52:17.460924
m3-233,m3-228,0x00000d366b,2018-02-20 13:52:22.317973
m3-264,m3-248,0x00000d3827,2018-02-20 13:52:28.863944
m3-244,m3-228,0x00000d3e53,2018-02-20 13:52:52.538726
m3-244,m3-248,0x00000d3e53,2018-02-20 13:52:52.615659
m3-252,m3-228,0x00000d4dd6,2018-02-20 13:53:52.124868
m3-232,m3-220,0x00000d4f96,2018-02-20 13:53:58.854674
m3-249,m3-228,0x00000d63b3,2018-02-20 13:55:16.015942
m3-240,m3-212,0x00000d69a0,2018-02-20 13:55:38.724937
m3-232,m3-212,0x00000d7709,2018-02-20 13:56:30.135667
m3-249,m3-252,0x00000d7f28,2018-02-20 13:57:01.241645
m3-264,m3-224,0x00000d85ce,2018-02-20 13:57:26.824548
m3-257,m3-236,0x00000d897f,2018-02-20 13:57:40.998509
m3-253,m3-252,0x00000d8a15,2018-02-20 13:57:43.339173
m3-244,m3-212,0x00000d8ac3,2018-02-20 13:57:45.817393
m3-260,m3-228,0x00000d8dc6,2018-02-20 13:57:57.385257
m3-240,m3-216,0x00000d8f2a,2018-02-20 13:58:02.729074
m3-256,m3-236,0x00000d8f6d,2018-02-20 13:58:03.728284
m3-261,m3-252,0x00000d8fd0,2018-02-20 13:58:05.19574
m3-264,m3-212,0x00000d92cd,2018-02-20 13:58:16.574763
m3-240,m3-232,0x00000d9691,2018-02-20 13:58:31.236903
m3-252,m3-216,0x00000d98c1,2018-02-20 13:58:39.467939
m3-228,m3-224,0x00000d9a36,2018-02-20 13:58:45.153517
m3-260,m3-252,0x00000d9d6b,2018-02-20 13:58:57.369624
m3-257,m3-265,0x00000da0d9,2018-02-20 13:59:10.551949
m3-256,m3-252,0x00000da1b7,2018-02-20 13:59:13.911032
m3-256,m3-244,0x00000da1b7,2018-02-20 13:59:13.987936
m3-252,m3-236,0x00000da285,2018-02-20 13:59:16.878899
m3-257,m3-253,0x00000da2f5,2018-02-20 13:59:18.611976
m3-240,m3-216,0x00000da4e6,2018-02-20 13:59:26.087645
m3-260,m3-244,0x00000da4ff,2018-02-20 13:59:26.369997
m3-248,m3-212,0x00000dab05,2018-02-20 13:59:49.590397
m3-228,m3-209,0x00000dab69,2018-02-20 13:59:51.108355
m3-248,m3-236,0x00000dad16,2018-02-20 13:59:57.414245
m3-261,m3-265,0x00000dad18,2018-02-20 13:59:57.541272
m3-236,m3-212,0x00000daeb6,2018-02-20 14:00:03.706079
m3-264,m3-244,0x00000db104,2018-02-20 14:00:12.647272
m3-249,m3-244,0x00000db2cb,2018-02-20 14:00:19.385811
m3-265,m3-260,0x00000db5d0,2018-02-20 14:00:31.098029
m3-264,m3-261,0x00000db891,2018-02-20 14:00:41.636923
m3-264,m3-249,0x00000db891,2018-02-20 14:00:41.728897
m3-256,m3-244,0x00000dbac3,2018-02-20 14:00:49.880063
m3-264,m3-248,0x00000dc01b,2018-02-20 14:01:10.367194
m3-233,m3-212,0x00000dc3b3,2018-02-20 14:01:24.216919
m3-261,m3-256,0x00000dc653,2018-02-20 14:01:34.262775
m3-241,m3-216,0x00000dc96f,2018-02-20 14:01:46.265831
m3-228,m3-212,0x00000dcbac,2018-02-20 14:01:54.764409
m3-245,m3-244,0x00000dcdb6,2018-02-20 14:02:02.693663
m3-233,m3-229,0x00000dd404,2018-02-20 14:02:26.720036
m3-241,m3-244,0x00000dd780,2018-02-20 14:02:40.335082
m3-264,m3-212,0x00000e4712,2018-02-20 14:09:48.139251
m3-264,m3-232,0x00000e520d,2018-02-20 14:10:30.282903
m3-244,m3-216,0x00000ecad6,2018-02-20 14:18:13.546264
m3-237,m3-220,0x00000ed29b,2018-02-20 14:18:43.533306
m3-237,m3-232,0x00000ed8c1,2018-02-20 14:19:06.872314
m3-244,m3-212,0x00000ede44,2018-02-20 14:19:28.217807
m3-241,m3-228,0x00000ee9bb,2018-02-20 14:20:12.076327
m3-252,m3-216,0x0000117094,2018-02-20 15:01:33.26121
m3-248,m3-216,0x0000117254,2018-02-20 15:01:40.003574
m3-248,m3-224,0x0000117a0a,2018-02-20 15:02:09.527141
m3-253,m3-244,0x00001185aa,2018-02-20 15:02:54.135876
m3-236,m3-220,0x0000118a6d,2018-02-20 15:03:12.413032
m3-248,m3-240,0x0000119106,2018-02-20 15:03:37.768169
m3-236,m3-225,0x000011a094,2018-02-20 15:04:37.396082
m3-252,m3-244,0x000011a1ff,2018-02-20 15:04:42.738199
m3-252,m3-240,0x000011a9a3,2018-02-20 15:05:12.254686
m3-252,m3-264,0x000011a9a3,2018-02-20 15:05:12.321784
m3-240,m3-244,0x000011aba8,2018-02-20 15:05:19.945715
m3-252,m3-240,0x000011b627,2018-02-20 15:06:00.061785
m3-248,m3-220,0x0000122a8f,2018-02-20 15:13:26.655821
m3-248,m3-240,0x000012413a,2018-02-20 15:14:53.548466
m3-244,m3-217,0x0000126e7b,2018-02-20 15:17:47.173928
m3-253,m3-249,0x000012784b,2018-02-20 15:18:24.873042
m3-256,m3-249,0x00001279f2,2018-02-20 15:18:31.154549
m3-240,m3-224,0x0000127a3c,2018-02-20 15:18:32.316084
m3-245,m3-236,0x0000127c47,2018-02-20 15:18:40.120367
m3-244,m3-212,0x0000127ccc,2018-02-20 15:18:42.019383
m3-252,m3-232,0x0000127f31,2018-02-20 15:18:51.276914
m3-248,m3-220,0x000012886c,2018-02-20 15:19:26.683106
m3-248,m3-228,0x0000128dd7,2018-02-20 15:19:47.390743
m3-260,m3-228,0x000012926e,2018-02-20 15:20:05.144241
m3-249,m3-228,0x0000129399,2018-02-20 15:20:09.665206
m3-244,m3-224,0x0000129b22,2018-02-20 15:20:38.369317
m3-244,m3-232,0x0000129b23,2018-02-20 15:20:38.451328
m3-260,m3-236,0x0000129dec,2018-02-20 15:20:49.118602
m3-253,m3-264,0x0000129ec5,2018-02-20 15:20:52.429084
m3-256,m3-264,0x000012a277,2018-02-20 15:21:06.731128
m3-249,m3-241,0x000012a4dd,2018-02-20 15:21:15.748602
m3-212,m3-209,0x000012a7cf,2018-02-20 15:21:27.088748
m3-240,m3-212,0x000012ad2c,2018-02-20 15:21:47.582519
m3-265,m3-264,0x000012ad8a,2018-02-20 15:21:49.080922
m3-240,m3-220,0x000012b493,2018-02-20 15:22:16.039342
m3-249,m3-245,0x000012b742,2018-02-20 15:22:26.391113
m3-245,m3-212,0x000012bd7a,2018-02-20 15:22:50.206641
m3-212,m3-207,0x000012bdde,2018-02-20 15:22:51.675778
m3-245,m3-228,0x000012be2c,2018-02-20 15:22:52.782793
m3-260,m3-264,0x000012c3cf,2018-02-20 15:23:14.403905
m3-260,m3-240,0x000012c3cf,2018-02-20 15:23:14.479435
m3-240,m3-228,0x000012cac7,2018-02-20 15:23:41.3075
m3-260,m3-261,0x000012cb63,2018-02-20 15:23:43.653927
m3-260,m3-232,0x000012cc26,2018-02-20 15:23:46.40761
m3-236,m3-240,0x000012ce03,2018-02-20 15:23:53.753332
m3-236,m3-244,0x000012ce03,2018-02-20 15:23:53.854038
m3-245,m3-212,0x000012d03b,2018-02-20 15:24:02.138242
m3-240,m3-216,0x000012d22d,2018-02-20 15:24:09.518223
m3-249,m3-228,0x000012d2d4,2018-02-20 15:24:12.189335
m3-249,m3-232,0x000012d2d4,2018-02-20 15:24:12.263318
m3-249,m3-241,0x000012d2d4,2018-02-20 15:24:12.338199
m3-264,m3-212,0x000012dff8,2018-02-20 15:25:02.516108
m3-264,m3-229,0x000012e281,2018-02-20 15:25:12.22224
m3-265,m3-256,0x000012eea5,2018-02-20 15:25:58.848893
m3-253,m3-244,0x000012ef53,2018-02-20 15:26:01.38621
m3-256,m3-232,0x000012efcf,2018-02-20 15:26:03.26172
m3-260,m3-220,0x000012f146,2018-02-20 15:26:08.805673
m3-264,m3-232,0x000012f19d,2018-02-20 15:26:10.163928
m3-236,m3-225,0x000012f7e0,2018-02-20 15:26:34.128915
m3-260,m3-232,0x0000130a24,2018-02-20 15:27:44.20044
m3-260,m3-228,0x0000131ebc,2018-02-20 15:29:03.176646
m3-260,m3-232,0x000013721c,2018-02-20 15:34:23.113779
m3-260,m3-228,0x000013a9b1,2018-02-20 15:37:56.26679
m3-260,m3-212,0x000014185e,2018-02-20 15:45:00.973904
m3-260,m3-220,0x0000142fb0,2018-02-20 15:46:30.356547
m3-260,m3-253,0x00001477fb,2018-02-20 15:51:07.47054
m3-244,m3-212,0x0000148835,2018-02-20 15:52:09.829204
m3-260,m3-212,0x0000149a47,2018-02-20 15:53:19.113089
m3-260,m3-244,0x000014a8bd,2018-02-20 15:54:14.543715
m3-260,m3-228,0x000014b2c4,2018-02-20 15:54:53.052829
m3-260,m3-240,0x000014b7e4,2018-02-20 15:55:12.809401
m3-261,m3-240,0x000014bffb,2018-02-20 15:55:43.747222
m3-261,m3-264,0x000014d415,2018-02-20 15:57:00.920805
m3-252,m3-212,0x00001617f4,2018-02-20 16:17:43.270032
m3-252,m3-244,0x0000163299,2018-02-20 16:19:25.275303
m3-264,m3-244,0x000016426b,2018-02-20 16:20:26.110648
m3-244,m3-216,0x00001765d4,2018-02-20 16:39:03.81212
m3-244,m3-212,0x000018e144,2018-02-20 17:03:19.294267
m3-264,m3-212,0x0000190c68,2018-02-20 17:06:04.789224
m3-264,m3-224,0x0000190d46,2018-02-20 17:06:08.039126
m3-264,m3-244,0x0000191c62,2018-02-20 17:07:06.199022
m3-261,m3-257,0x0000192af0,2018-02-20 17:08:02.025483
m3-261,m3-260,0x0000193299,2018-02-20 17:08:31.281877
m3-261,m3-256,0x0000193506,2018-02-20 17:08:40.487919
m3-256,m3-228,0x000019c299,2018-02-20 17:17:43.609246
m3-256,m3-240,0x000019c2f9,2018-02-20 17:17:44.96778
m3-256,m3-228,0x00001bebf8,2018-02-20 17:53:06.248139
m3-265,m3-264,0x00001bf993,2018-02-20 17:53:58.450207
m3-256,m3-232,0x00001bfc45,2018-02-20 17:54:08.697351
m3-261,m3-264,0x00001c0047,2018-02-20 17:54:24.144857
m3-249,m3-232,0x00001c2230,2018-02-20 17:56:34.277841
m3-240,m3-212,0x00001c3d4c,2018-02-20 17:58:18.312936
m3-249,m3-240,0x00001c7d55,2018-02-20 18:02:23.905001
m3-249,m3-241,0x00001c84fe,2018-02-20 18:02:53.171681
m3-249,m3-260,0x00001c84fe,2018-02-20 18:02:53.262724
m3-249,m3-253,0x00001c87a2,2018-02-20 18:03:03.325155
m3-240,m3-220,0x00001ce040,2018-02-20 18:08:43.393857
m3-264,m3-212,0x00001cfb43,2018-02-20 18:10:26.879275
m3-244,m3-225,0x00001d098c,2018-02-20 18:11:21.719836
m3-264,m3-240,0x00001d0b33,2018-02-20 18:11:28.059416
